-- ================================================================
--  SPRINGFIELD NUCLEAR POWER PLANT — Datamart v2.0 FULL
--  Script MySQL 8+ — datos generados automáticamente
--  ~500 filas en fact_operacion + tablas de soporte robustas
-- ================================================================
DROP DATABASE IF EXISTS planta_nuclear;
CREATE DATABASE IF NOT EXISTS planta_nuclear;
USE planta_nuclear;
SET SQL_SAFE_UPDATES = 0;

SET FOREIGN_KEY_CHECKS = 0;
SET SQL_MODE = 'NO_AUTO_VALUE_ON_ZERO';


-- ================================================================
-- CREACIÓN DE TABLAS
-- ================================================================

DROP TABLE IF EXISTS fact_operacion;
DROP TABLE IF EXISTS dosimetria;
DROP TABLE IF EXISTS empleado_capacitacion;
DROP TABLE IF EXISTS empleado_turno;
DROP TABLE IF EXISTS casilleros;
DROP TABLE IF EXISTS sanciones;
DROP TABLE IF EXISTS incidentes;
DROP TABLE IF EXISTS mantenimientos;
DROP TABLE IF EXISTS inventario;
DROP TABLE IF EXISTS materiales;
DROP TABLE IF EXISTS capacitaciones;
DROP TABLE IF EXISTS proveedores;
DROP TABLE IF EXISTS turnos;
DROP TABLE IF EXISTS reactores;
DROP TABLE IF EXISTS empleados;

-- ----------------------------------------------------------------

CREATE TABLE empleados (
    id_empleado     INT          PRIMARY KEY,
    nombre          VARCHAR(100) NOT NULL,
    turno           ENUM('Mañana','Tarde','Noche','Rotativo') NOT NULL,
    rol             VARCHAR(50)  NOT NULL,
    departamento    VARCHAR(60)  NOT NULL,
    nivel_seguridad TINYINT      NOT NULL DEFAULT 1,
    fecha_ingreso   DATE         NOT NULL,
    salario         DECIMAL(10,2) NOT NULL,
    id_supervisor   INT,
    FOREIGN KEY (id_supervisor) REFERENCES empleados(id_empleado)
);

CREATE TABLE reactores (
    id_reactor       INT          PRIMARY KEY,
    nombre           VARCHAR(100) NOT NULL,
    estado           ENUM('Activo','Mantenimiento','Emergencia','Desactivado') NOT NULL,
    tipo             VARCHAR(40)  NOT NULL,
    capacidad_mw     INT          NOT NULL,
    anio_instalacion INT,
    edificio         VARCHAR(30)
);

CREATE TABLE turnos (
    id_turno    INT  PRIMARY KEY,
    fecha       DATE NOT NULL,
    hora_inicio TIME NOT NULL,
    hora_fin    TIME NOT NULL,
    tipo_turno  ENUM('Mañana','Tarde','Noche') NOT NULL,
    anio        INT  GENERATED ALWAYS AS (YEAR(fecha))    STORED,
    mes         INT  GENERATED ALWAYS AS (MONTH(fecha))   STORED,
    trimestre   INT  GENERATED ALWAYS AS (QUARTER(fecha)) STORED
);

CREATE TABLE empleado_turno (
    id_empleado_turno INT PRIMARY KEY AUTO_INCREMENT,
    id_turno          INT NOT NULL,
    id_empleado       INT NOT NULL,
    horas_trabajadas  DECIMAL(4,1),
    puntualidad       ENUM('A tiempo','Tardanza','Ausente') DEFAULT 'A tiempo',
    FOREIGN KEY (id_turno)    REFERENCES turnos(id_turno),
    FOREIGN KEY (id_empleado) REFERENCES empleados(id_empleado)
);

CREATE TABLE casilleros (
    id_casillero INT PRIMARY KEY AUTO_INCREMENT,
    numero       INT NOT NULL UNIQUE,
    id_empleado  INT,
    ubicacion    VARCHAR(60),
    activo       BOOLEAN DEFAULT TRUE,
    FOREIGN KEY (id_empleado) REFERENCES empleados(id_empleado)
);

CREATE TABLE proveedores (
    id_proveedor     INT          PRIMARY KEY,
    nombre           VARCHAR(100) NOT NULL,
    pais             VARCHAR(60),
    tipo             ENUM('Combustible','Equipamiento','Servicios','Alimentos','Seguridad') NOT NULL,
    contacto         VARCHAR(100),
    contrato_vigente BOOLEAN DEFAULT TRUE,
    calificacion     TINYINT,
    monto_contrato   DECIMAL(14,2)
);

CREATE TABLE materiales (
    id_material       INT          PRIMARY KEY,
    nombre            VARCHAR(100) NOT NULL,
    tipo              ENUM('Combustible','Refrigerante','Residuo','Control','Moderador','Lubricante','Bienestar') NOT NULL,
    nivel_peligro     TINYINT      NOT NULL,
    unidad_medida     VARCHAR(20)  NOT NULL,
    id_proveedor      INT,
    vida_util_dias    INT,
    requiere_licencia BOOLEAN DEFAULT FALSE,
    FOREIGN KEY (id_proveedor) REFERENCES proveedores(id_proveedor)
);

CREATE TABLE inventario (
    id_inventario   INT  PRIMARY KEY AUTO_INCREMENT,
    id_material     INT  NOT NULL,
    fecha           DATE NOT NULL,
    cantidad        DECIMAL(12,2) NOT NULL,
    stock_minimo    DECIMAL(12,2),
    stock_maximo    DECIMAL(12,2),
    ubicacion_almacen VARCHAR(60),
    FOREIGN KEY (id_material) REFERENCES materiales(id_material)
);

CREATE TABLE capacitaciones (
    id_capacitacion INT          PRIMARY KEY,
    nombre          VARCHAR(150) NOT NULL,
    tipo            ENUM('Seguridad','Tecnica','Evacuacion','Liderazgo','Compliance') NOT NULL,
    horas           DECIMAL(5,1) NOT NULL,
    obligatoria     BOOLEAN DEFAULT FALSE,
    id_proveedor    INT,
    costo_usd       DECIMAL(10,2),
    FOREIGN KEY (id_proveedor) REFERENCES proveedores(id_proveedor)
);

CREATE TABLE empleado_capacitacion (
    id              INT  PRIMARY KEY AUTO_INCREMENT,
    id_empleado     INT  NOT NULL,
    id_capacitacion INT  NOT NULL,
    fecha_inicio    DATE NOT NULL,
    fecha_fin       DATE,
    calificacion    DECIMAL(4,1),
    aprobado        BOOLEAN,
    certificado     VARCHAR(80),
    FOREIGN KEY (id_empleado)     REFERENCES empleados(id_empleado),
    FOREIGN KEY (id_capacitacion) REFERENCES capacitaciones(id_capacitacion)
);

CREATE TABLE incidentes (
    id_incidente        INT  PRIMARY KEY,
    fecha               DATE NOT NULL,
    tipo                ENUM('Fuga','Sobrecalentamiento','Fallo_Mecanico','Alarma_Falsa','Error_Operador','Mayor') NOT NULL,
    severidad           TINYINT NOT NULL,
    id_turno            INT,
    id_reactor          INT  NOT NULL,
    descripcion         VARCHAR(300),
    requiere_evacuacion BOOLEAN DEFAULT FALSE,
    costo_impacto       DECIMAL(12,2),
    resuelto            BOOLEAN DEFAULT FALSE,
    FOREIGN KEY (id_turno)   REFERENCES turnos(id_turno),
    FOREIGN KEY (id_reactor) REFERENCES reactores(id_reactor)
);

CREATE TABLE mantenimientos (
    id_mantenimiento INT  PRIMARY KEY AUTO_INCREMENT,
    fecha            DATE NOT NULL,
    tipo             ENUM('Preventivo','Correctivo','Emergencia') NOT NULL,
    descripcion      VARCHAR(200),
    costo            DECIMAL(10,2),
    id_reactor       INT  NOT NULL,
    id_empleado      INT,
    duracion_horas   DECIMAL(5,1),
    resultado        ENUM('Exitoso','Parcial','Fallido') DEFAULT 'Exitoso',
    FOREIGN KEY (id_reactor)  REFERENCES reactores(id_reactor),
    FOREIGN KEY (id_empleado) REFERENCES empleados(id_empleado)
);

CREATE TABLE sanciones (
    id_sancion   INT  PRIMARY KEY AUTO_INCREMENT,
    fecha        DATE NOT NULL,
    tipo         ENUM('Multa','Advertencia','Suspension','Clausura_Parcial') NOT NULL,
    descripcion  VARCHAR(300),
    monto_usd    DECIMAL(12,2),
    organismo    VARCHAR(80),
    id_incidente INT,
    id_reactor   INT,
    estado       ENUM('Pendiente','Pagada','Apelada','Cancelada') DEFAULT 'Pendiente',
    fecha_limite DATE,
    FOREIGN KEY (id_incidente) REFERENCES incidentes(id_incidente),
    FOREIGN KEY (id_reactor)   REFERENCES reactores(id_reactor)
);

CREATE TABLE dosimetria (
    id_dosis          INT  PRIMARY KEY AUTO_INCREMENT,
    id_empleado       INT  NOT NULL,
    id_turno          INT  NOT NULL,
    id_reactor        INT  NOT NULL,
    radiacion_msv     DECIMAL(8,4) NOT NULL,
    acumulado_anual   DECIMAL(10,4),
    zona              VARCHAR(40),
    equipo_proteccion ENUM('Ninguno','Básico','Completo','Máximo') DEFAULT 'Básico',
    alerta_limite     BOOLEAN DEFAULT FALSE,
    FOREIGN KEY (id_empleado) REFERENCES empleados(id_empleado),
    FOREIGN KEY (id_turno)    REFERENCES turnos(id_turno),
    FOREIGN KEY (id_reactor)  REFERENCES reactores(id_reactor)
);

CREATE TABLE fact_operacion (
    id_operacion          INT  PRIMARY KEY AUTO_INCREMENT,
    id_turno              INT  NOT NULL,
    id_reactor            INT  NOT NULL,
    id_empleado           INT  NOT NULL,
    id_material           INT,
    id_incidente          INT,
    id_mantenimiento      INT,
    energia_generada_mw   DECIMAL(10,2),
    temperatura_nucleo    DECIMAL(8,2),
    nivel_radiacion_msv   DECIMAL(8,4),
    cantidad_material     DECIMAL(10,2),
    costo_operacion       DECIMAL(12,2),
    horas_operativas      DECIMAL(4,1),
    donuts_consumidos     INT DEFAULT 0,
    eficiencia_pct        DECIMAL(5,2),
    FOREIGN KEY (id_turno)           REFERENCES turnos(id_turno),
    FOREIGN KEY (id_reactor)         REFERENCES reactores(id_reactor),
    FOREIGN KEY (id_empleado)        REFERENCES empleados(id_empleado),
    FOREIGN KEY (id_material)        REFERENCES materiales(id_material),
    FOREIGN KEY (id_incidente)       REFERENCES incidentes(id_incidente),
    FOREIGN KEY (id_mantenimiento)   REFERENCES mantenimientos(id_mantenimiento)
);


-- ================================================================
-- DATOS ESTÁTICOS
-- ================================================================

INSERT INTO empleados VALUES
(1,  'Montgomery Burns',         'Rotativo', 'Director General',           'Gerencia',       5, '1957-04-01', 280000.00, NULL),
(2,  'Waylon Smithers',          'Mañana',   'Asistente Ejecutivo',        'Gerencia',       4, '1982-06-10',  95000.00, 1),
(3,  'Homer Simpson',            'Mañana',   'Técnico de Seguridad',       'Operaciones',    2, '1989-11-01',  52000.00, 7),
(4,  'Lenny Leonard',            'Tarde',    'Técnico de Planta',          'Operaciones',    2, '1991-03-15',  49500.00, 7),
(5,  'Carl Carlson',             'Noche',    'Técnico Senior',             'Operaciones',    3, '1990-07-22',  54000.00, 7),
(6,  'Frank Grimes',             'Mañana',   'Ingeniero Eléctrico',        'Ingeniería',     3, '1997-08-10',  58000.00, 7),
(7,  'Hank Scorpio',             'Rotativo', 'Gerente de Operaciones',     'Operaciones',    4, '1996-01-05', 120000.00, 1),
(8,  'Mindy Simmons',            'Mañana',   'Ingeniera Nuclear',          'Ingeniería',     4, '1994-02-28',  75000.00, 7),
(9,  'Norm Peterson',            'Tarde',    'Supervisor de Turno',        'Operaciones',    3, '1993-09-01',  62000.00, 7),
(10, 'Patty Bouvier',            'Mañana',   'Inspectora de Seguridad',    'Seguridad',      4, '1995-04-17',  68000.00, 1),
(11, 'Sideshow Bob',             'Noche',    'Consultor Externo',          'Consultoría',    2, '2022-01-15',  40000.00, 2),
(12, 'Hans Moleman',             'Mañana',   'Auxiliar de Mantenimiento',  'Mantenimiento',  1, '1988-05-30',  35000.00, 7),
(13, 'Gil Gunderson',            'Tarde',    'Vendedor de Materiales',     'Suministros',    1, '2020-10-01',  31000.00, 2),
(14, 'Disco Stu',                'Noche',    'Operador de Sala',           'Operaciones',    2, '2018-06-06',  45000.00, 9),
(15, 'Apu Nahasapeemapetilon',   'Tarde',    'Proveedor de Donuts',        'Suministros',    1, '2019-03-22',  29000.00, 2),
(16, 'Barney Gumble',            'Noche',    'Técnico de Planta',          'Operaciones',    1, '2021-08-10',  41000.00, 7),
(17, 'Nelson Muntz',             'Mañana',   'Aprendiz Técnico',           'Operaciones',    1, '2023-06-01',  28000.00, 9),
(18, 'Professor Frink',          'Mañana',   'Científico Jefe',            'Investigación',  5, '2015-03-20',  98000.00, 1),
(19, 'Edna Krabappel',           'Tarde',    'Coordinadora de Seguridad',  'Seguridad',      3, '2016-09-01',  61000.00, 10),
(20, 'Otto Mann',                'Noche',    'Operador de Transporte',     'Logística',      1, '2020-05-15',  36000.00, 7);

INSERT INTO reactores VALUES
(1, 'Burns Alpha',          'Activo',        'PWR',  850, 1974, 'Edificio A'),
(2, 'Burns Beta',           'Activo',        'BWR',  780, 1981, 'Edificio B'),
(3, 'Viejo Humo',           'Mantenimiento', 'PWR',  600, 1968, 'Edificio C'),
(4, 'RBMK-1986 (no tocar)', 'Emergencia',   'RBMK', 950, 1986, 'Edificio D'),
(5, 'Mini-Reactor Bolsillo','Activo',        'PWR',   50, 2010, 'Sótano');

INSERT INTO proveedores VALUES
(1,  'NuclearCorp SA',           'Francia',    'Combustible',  'nuclear@ncorp.fr',       TRUE,  5, 4500000.00),
(2,  'Springfield Water Co.',    'USA',        'Refrigerante', 'supply@spwater.com',      TRUE,  3,  120000.00),
(3,  'Burns Industries Ltd.',    'USA',        'Equipamiento', 'procurement@burns.com',   TRUE,  4, 2200000.00),
(4,  'CanadiaCorp Heavy Water',  'Canadá',     'Refrigerante', 'sales@canadiacorp.ca',    TRUE,  4,  680000.00),
(5,  'SafeGuard Systems',        'Alemania',   'Seguridad',    'info@safeguard.de',       TRUE,  5,  950000.00),
(6,  'ChemSpring Chemicals',     'USA',        'Combustible',  'chem@chemspring.com',     TRUE,  3,  340000.00),
(7,  'NuclearTraining Inc.',     'USA',        'Servicios',    'train@nuctraining.com',   TRUE,  4,  280000.00),
(8,  'Apu Suministros',          'USA',        'Alimentos',    'apu@kwik-e.com',          TRUE,  5,   36000.00),
(9,  'OilNuke LLC',              'Texas, USA', 'Equipamiento', 'lube@oilnuke.com',        FALSE, 2,   45000.00),
(10, 'GrafiteCo International',  'Rusia',      'Equipamiento', 'sales@grafiteco.ru',      FALSE, 1,  120000.00);

INSERT INTO materiales VALUES
(1,  'Uranio Enriquecido U-235',   'Combustible', 5, 'kg',       1, 1825, TRUE),
(2,  'Barras Combustible MOX',     'Combustible', 4, 'unidad',   3,  730, TRUE),
(3,  'Agua Desmineralizada',       'Refrigerante',1, 'litros',   2,  365, FALSE),
(4,  'Agua Pesada D2O',            'Refrigerante',2, 'litros',   4,  365, TRUE),
(5,  'Residuo Radiactivo Tipo A',  'Residuo',     5, 'barriles', NULL,36500, TRUE),
(6,  'Residuo Radiactivo Tipo B',  'Residuo',     4, 'barriles', NULL,36500, TRUE),
(7,  'Boro Líquido',               'Control',     3, 'litros',   6,  180, TRUE),
(8,  'Grafito Moderador',          'Moderador',   2, 'kg',       10, 1095, TRUE),
(9,  'Aceite Lubricante Nuclear',  'Lubricante',  2, 'litros',   9,   90, FALSE),
(10, 'Donuts (bienestar operador)','Bienestar',   1, 'unidad',   8,    1, FALSE);

INSERT INTO capacitaciones VALUES
(1,  'Protocolo de Seguridad Nuclear Básico',          'Seguridad',   40.0, TRUE,  7,  3200.00),
(2,  'Manejo de Materiales Radiactivos',                'Tecnica',     24.0, TRUE,  7,  2800.00),
(3,  'Simulacro de Evacuación INES 4-7',               'Evacuacion',  16.0, TRUE,  5,  1500.00),
(4,  'Operación Avanzada de Reactores PWR',            'Tecnica',     80.0, FALSE, 7,  6500.00),
(5,  'Liderazgo en Crisis Nuclear',                    'Liderazgo',   32.0, FALSE, 7,  4200.00),
(6,  'Cumplimiento NRC y Regulaciones Federales',      'Compliance',  20.0, TRUE,  7,  1800.00),
(7,  'Primeros Auxilios en Entornos Radiactivos',      'Seguridad',   12.0, TRUE,  5,   900.00),
(8,  'Uso Correcto de Equipos de Protección Personal', 'Seguridad',    8.0, TRUE,  NULL,500.00),
(9,  'Lectura e Interpretación de Dosímetros',         'Tecnica',      6.0, TRUE,  NULL,300.00),
(10, 'Gestión de Residuos Radiactivos',                'Compliance',  16.0, TRUE,  7,  1400.00),
(11, 'Respuesta ante Fugas Químicas',                  'Seguridad',   10.0, TRUE,  5,   800.00),
(12, 'Operación de Reactor BWR',                       'Tecnica',     60.0, FALSE, 7,  5500.00),
(13, 'Comunicación en Emergencias',                    'Evacuacion',   8.0, TRUE,  NULL,400.00),
(14, 'Ética y Compliance Nuclear',                     'Compliance',  12.0, FALSE, 7,  1200.00),
(15, 'Análisis de Riesgos de Planta',                  'Tecnica',     40.0, FALSE, 7,  3800.00);

-- ================================================================
-- TURNOS (un registro por fecha+turno)
-- ================================================================
INSERT INTO turnos (id_turno, fecha, hora_inicio, hora_fin, tipo_turno) VALUES
(1, '2020-01-06', '06:00:00', '14:00:00', 'Mañana'),
(2, '2020-01-06', '14:00:00', '22:00:00', 'Tarde'),
(3, '2020-01-06', '22:00:00', '06:00:00', 'Noche'),
(4, '2020-01-13', '06:00:00', '14:00:00', 'Mañana'),
(5, '2020-01-13', '14:00:00', '22:00:00', 'Tarde'),
(6, '2020-01-13', '22:00:00', '06:00:00', 'Noche'),
(7, '2020-01-20', '06:00:00', '14:00:00', 'Mañana'),
(8, '2020-01-20', '14:00:00', '22:00:00', 'Tarde'),
(9, '2020-01-20', '22:00:00', '06:00:00', 'Noche'),
(10, '2020-01-27', '06:00:00', '14:00:00', 'Mañana'),
(11, '2020-01-27', '14:00:00', '22:00:00', 'Tarde'),
(12, '2020-01-27', '22:00:00', '06:00:00', 'Noche'),
(13, '2020-02-03', '06:00:00', '14:00:00', 'Mañana'),
(14, '2020-02-03', '14:00:00', '22:00:00', 'Tarde'),
(15, '2020-02-03', '22:00:00', '06:00:00', 'Noche'),
(16, '2020-02-10', '06:00:00', '14:00:00', 'Mañana'),
(17, '2020-02-10', '14:00:00', '22:00:00', 'Tarde'),
(18, '2020-02-10', '22:00:00', '06:00:00', 'Noche'),
(19, '2020-02-17', '06:00:00', '14:00:00', 'Mañana'),
(20, '2020-02-17', '14:00:00', '22:00:00', 'Tarde'),
(21, '2020-02-17', '22:00:00', '06:00:00', 'Noche'),
(22, '2020-02-24', '06:00:00', '14:00:00', 'Mañana'),
(23, '2020-02-24', '14:00:00', '22:00:00', 'Tarde'),
(24, '2020-02-24', '22:00:00', '06:00:00', 'Noche'),
(25, '2020-03-02', '06:00:00', '14:00:00', 'Mañana'),
(26, '2020-03-02', '14:00:00', '22:00:00', 'Tarde'),
(27, '2020-03-02', '22:00:00', '06:00:00', 'Noche'),
(28, '2020-03-09', '06:00:00', '14:00:00', 'Mañana'),
(29, '2020-03-09', '14:00:00', '22:00:00', 'Tarde'),
(30, '2020-03-09', '22:00:00', '06:00:00', 'Noche'),
(31, '2020-03-16', '06:00:00', '14:00:00', 'Mañana'),
(32, '2020-03-16', '14:00:00', '22:00:00', 'Tarde'),
(33, '2020-03-16', '22:00:00', '06:00:00', 'Noche'),
(34, '2020-03-23', '06:00:00', '14:00:00', 'Mañana'),
(35, '2020-03-23', '14:00:00', '22:00:00', 'Tarde'),
(36, '2020-03-23', '22:00:00', '06:00:00', 'Noche'),
(37, '2020-03-30', '06:00:00', '14:00:00', 'Mañana'),
(38, '2020-03-30', '14:00:00', '22:00:00', 'Tarde'),
(39, '2020-03-30', '22:00:00', '06:00:00', 'Noche'),
(40, '2020-04-06', '06:00:00', '14:00:00', 'Mañana'),
(41, '2020-04-06', '14:00:00', '22:00:00', 'Tarde'),
(42, '2020-04-06', '22:00:00', '06:00:00', 'Noche'),
(43, '2020-04-13', '06:00:00', '14:00:00', 'Mañana'),
(44, '2020-04-13', '14:00:00', '22:00:00', 'Tarde'),
(45, '2020-04-13', '22:00:00', '06:00:00', 'Noche'),
(46, '2020-04-20', '06:00:00', '14:00:00', 'Mañana'),
(47, '2020-04-20', '14:00:00', '22:00:00', 'Tarde'),
(48, '2020-04-20', '22:00:00', '06:00:00', 'Noche'),
(49, '2020-04-27', '06:00:00', '14:00:00', 'Mañana'),
(50, '2020-04-27', '14:00:00', '22:00:00', 'Tarde'),
(51, '2020-04-27', '22:00:00', '06:00:00', 'Noche'),
(52, '2020-05-04', '06:00:00', '14:00:00', 'Mañana'),
(53, '2020-05-04', '14:00:00', '22:00:00', 'Tarde'),
(54, '2020-05-04', '22:00:00', '06:00:00', 'Noche'),
(55, '2020-05-11', '06:00:00', '14:00:00', 'Mañana'),
(56, '2020-05-11', '14:00:00', '22:00:00', 'Tarde'),
(57, '2020-05-11', '22:00:00', '06:00:00', 'Noche'),
(58, '2020-05-18', '06:00:00', '14:00:00', 'Mañana'),
(59, '2020-05-18', '14:00:00', '22:00:00', 'Tarde'),
(60, '2020-05-18', '22:00:00', '06:00:00', 'Noche'),
(61, '2020-05-25', '06:00:00', '14:00:00', 'Mañana'),
(62, '2020-05-25', '14:00:00', '22:00:00', 'Tarde'),
(63, '2020-05-25', '22:00:00', '06:00:00', 'Noche'),
(64, '2020-06-01', '06:00:00', '14:00:00', 'Mañana'),
(65, '2020-06-01', '14:00:00', '22:00:00', 'Tarde'),
(66, '2020-06-01', '22:00:00', '06:00:00', 'Noche'),
(67, '2020-06-08', '06:00:00', '14:00:00', 'Mañana'),
(68, '2020-06-08', '14:00:00', '22:00:00', 'Tarde'),
(69, '2020-06-08', '22:00:00', '06:00:00', 'Noche'),
(70, '2020-06-15', '06:00:00', '14:00:00', 'Mañana'),
(71, '2020-06-15', '14:00:00', '22:00:00', 'Tarde'),
(72, '2020-06-15', '22:00:00', '06:00:00', 'Noche'),
(73, '2020-06-22', '06:00:00', '14:00:00', 'Mañana'),
(74, '2020-06-22', '14:00:00', '22:00:00', 'Tarde'),
(75, '2020-06-22', '22:00:00', '06:00:00', 'Noche'),
(76, '2020-06-29', '06:00:00', '14:00:00', 'Mañana'),
(77, '2020-06-29', '14:00:00', '22:00:00', 'Tarde'),
(78, '2020-06-29', '22:00:00', '06:00:00', 'Noche'),
(79, '2020-07-06', '06:00:00', '14:00:00', 'Mañana'),
(80, '2020-07-06', '14:00:00', '22:00:00', 'Tarde'),
(81, '2020-07-06', '22:00:00', '06:00:00', 'Noche'),
(82, '2020-07-13', '06:00:00', '14:00:00', 'Mañana'),
(83, '2020-07-13', '14:00:00', '22:00:00', 'Tarde'),
(84, '2020-07-13', '22:00:00', '06:00:00', 'Noche'),
(85, '2020-07-20', '06:00:00', '14:00:00', 'Mañana'),
(86, '2020-07-20', '14:00:00', '22:00:00', 'Tarde'),
(87, '2020-07-20', '22:00:00', '06:00:00', 'Noche'),
(88, '2020-07-27', '06:00:00', '14:00:00', 'Mañana'),
(89, '2020-07-27', '14:00:00', '22:00:00', 'Tarde'),
(90, '2020-07-27', '22:00:00', '06:00:00', 'Noche'),
(91, '2020-08-03', '06:00:00', '14:00:00', 'Mañana'),
(92, '2020-08-03', '14:00:00', '22:00:00', 'Tarde'),
(93, '2020-08-03', '22:00:00', '06:00:00', 'Noche'),
(94, '2020-08-10', '06:00:00', '14:00:00', 'Mañana'),
(95, '2020-08-10', '14:00:00', '22:00:00', 'Tarde'),
(96, '2020-08-10', '22:00:00', '06:00:00', 'Noche'),
(97, '2020-08-17', '06:00:00', '14:00:00', 'Mañana'),
(98, '2020-08-17', '14:00:00', '22:00:00', 'Tarde'),
(99, '2020-08-17', '22:00:00', '06:00:00', 'Noche'),
(100, '2020-08-24', '06:00:00', '14:00:00', 'Mañana'),
(101, '2020-08-24', '14:00:00', '22:00:00', 'Tarde'),
(102, '2020-08-24', '22:00:00', '06:00:00', 'Noche'),
(103, '2020-08-31', '06:00:00', '14:00:00', 'Mañana'),
(104, '2020-08-31', '14:00:00', '22:00:00', 'Tarde'),
(105, '2020-08-31', '22:00:00', '06:00:00', 'Noche'),
(106, '2020-09-07', '06:00:00', '14:00:00', 'Mañana'),
(107, '2020-09-07', '14:00:00', '22:00:00', 'Tarde'),
(108, '2020-09-07', '22:00:00', '06:00:00', 'Noche'),
(109, '2020-09-14', '06:00:00', '14:00:00', 'Mañana'),
(110, '2020-09-14', '14:00:00', '22:00:00', 'Tarde'),
(111, '2020-09-14', '22:00:00', '06:00:00', 'Noche'),
(112, '2020-09-21', '06:00:00', '14:00:00', 'Mañana'),
(113, '2020-09-21', '14:00:00', '22:00:00', 'Tarde'),
(114, '2020-09-21', '22:00:00', '06:00:00', 'Noche'),
(115, '2020-09-28', '06:00:00', '14:00:00', 'Mañana'),
(116, '2020-09-28', '14:00:00', '22:00:00', 'Tarde'),
(117, '2020-09-28', '22:00:00', '06:00:00', 'Noche'),
(118, '2020-10-05', '06:00:00', '14:00:00', 'Mañana'),
(119, '2020-10-05', '14:00:00', '22:00:00', 'Tarde'),
(120, '2020-10-05', '22:00:00', '06:00:00', 'Noche'),
(121, '2020-10-12', '06:00:00', '14:00:00', 'Mañana'),
(122, '2020-10-12', '14:00:00', '22:00:00', 'Tarde'),
(123, '2020-10-12', '22:00:00', '06:00:00', 'Noche'),
(124, '2020-10-19', '06:00:00', '14:00:00', 'Mañana'),
(125, '2020-10-19', '14:00:00', '22:00:00', 'Tarde'),
(126, '2020-10-19', '22:00:00', '06:00:00', 'Noche'),
(127, '2020-10-26', '06:00:00', '14:00:00', 'Mañana'),
(128, '2020-10-26', '14:00:00', '22:00:00', 'Tarde'),
(129, '2020-10-26', '22:00:00', '06:00:00', 'Noche'),
(130, '2020-11-02', '06:00:00', '14:00:00', 'Mañana'),
(131, '2020-11-02', '14:00:00', '22:00:00', 'Tarde'),
(132, '2020-11-02', '22:00:00', '06:00:00', 'Noche'),
(133, '2020-11-09', '06:00:00', '14:00:00', 'Mañana'),
(134, '2020-11-09', '14:00:00', '22:00:00', 'Tarde'),
(135, '2020-11-09', '22:00:00', '06:00:00', 'Noche'),
(136, '2020-11-16', '06:00:00', '14:00:00', 'Mañana'),
(137, '2020-11-16', '14:00:00', '22:00:00', 'Tarde'),
(138, '2020-11-16', '22:00:00', '06:00:00', 'Noche'),
(139, '2020-11-23', '06:00:00', '14:00:00', 'Mañana'),
(140, '2020-11-23', '14:00:00', '22:00:00', 'Tarde'),
(141, '2020-11-23', '22:00:00', '06:00:00', 'Noche'),
(142, '2020-11-30', '06:00:00', '14:00:00', 'Mañana'),
(143, '2020-11-30', '14:00:00', '22:00:00', 'Tarde'),
(144, '2020-11-30', '22:00:00', '06:00:00', 'Noche'),
(145, '2020-12-07', '06:00:00', '14:00:00', 'Mañana'),
(146, '2020-12-07', '14:00:00', '22:00:00', 'Tarde'),
(147, '2020-12-07', '22:00:00', '06:00:00', 'Noche'),
(148, '2020-12-14', '06:00:00', '14:00:00', 'Mañana'),
(149, '2020-12-14', '14:00:00', '22:00:00', 'Tarde'),
(150, '2020-12-14', '22:00:00', '06:00:00', 'Noche'),
(151, '2020-12-21', '06:00:00', '14:00:00', 'Mañana'),
(152, '2020-12-21', '14:00:00', '22:00:00', 'Tarde'),
(153, '2020-12-21', '22:00:00', '06:00:00', 'Noche'),
(154, '2020-12-28', '06:00:00', '14:00:00', 'Mañana'),
(155, '2020-12-28', '14:00:00', '22:00:00', 'Tarde'),
(156, '2020-12-28', '22:00:00', '06:00:00', 'Noche'),
(157, '2021-01-04', '06:00:00', '14:00:00', 'Mañana'),
(158, '2021-01-04', '14:00:00', '22:00:00', 'Tarde'),
(159, '2021-01-04', '22:00:00', '06:00:00', 'Noche'),
(160, '2021-01-11', '06:00:00', '14:00:00', 'Mañana'),
(161, '2021-01-11', '14:00:00', '22:00:00', 'Tarde'),
(162, '2021-01-11', '22:00:00', '06:00:00', 'Noche'),
(163, '2021-01-18', '06:00:00', '14:00:00', 'Mañana'),
(164, '2021-01-18', '14:00:00', '22:00:00', 'Tarde'),
(165, '2021-01-18', '22:00:00', '06:00:00', 'Noche'),
(166, '2021-01-25', '06:00:00', '14:00:00', 'Mañana'),
(167, '2021-01-25', '14:00:00', '22:00:00', 'Tarde'),
(168, '2021-01-25', '22:00:00', '06:00:00', 'Noche'),
(169, '2021-02-01', '06:00:00', '14:00:00', 'Mañana'),
(170, '2021-02-01', '14:00:00', '22:00:00', 'Tarde'),
(171, '2021-02-01', '22:00:00', '06:00:00', 'Noche'),
(172, '2021-02-08', '06:00:00', '14:00:00', 'Mañana'),
(173, '2021-02-08', '14:00:00', '22:00:00', 'Tarde'),
(174, '2021-02-08', '22:00:00', '06:00:00', 'Noche'),
(175, '2021-02-15', '06:00:00', '14:00:00', 'Mañana'),
(176, '2021-02-15', '14:00:00', '22:00:00', 'Tarde'),
(177, '2021-02-15', '22:00:00', '06:00:00', 'Noche'),
(178, '2021-02-22', '06:00:00', '14:00:00', 'Mañana'),
(179, '2021-02-22', '14:00:00', '22:00:00', 'Tarde'),
(180, '2021-02-22', '22:00:00', '06:00:00', 'Noche'),
(181, '2021-03-01', '06:00:00', '14:00:00', 'Mañana'),
(182, '2021-03-01', '14:00:00', '22:00:00', 'Tarde'),
(183, '2021-03-01', '22:00:00', '06:00:00', 'Noche'),
(184, '2021-03-08', '06:00:00', '14:00:00', 'Mañana'),
(185, '2021-03-08', '14:00:00', '22:00:00', 'Tarde'),
(186, '2021-03-08', '22:00:00', '06:00:00', 'Noche'),
(187, '2021-03-15', '06:00:00', '14:00:00', 'Mañana'),
(188, '2021-03-15', '14:00:00', '22:00:00', 'Tarde'),
(189, '2021-03-15', '22:00:00', '06:00:00', 'Noche'),
(190, '2021-03-22', '06:00:00', '14:00:00', 'Mañana'),
(191, '2021-03-22', '14:00:00', '22:00:00', 'Tarde'),
(192, '2021-03-22', '22:00:00', '06:00:00', 'Noche'),
(193, '2021-03-29', '06:00:00', '14:00:00', 'Mañana'),
(194, '2021-03-29', '14:00:00', '22:00:00', 'Tarde'),
(195, '2021-03-29', '22:00:00', '06:00:00', 'Noche'),
(196, '2021-04-05', '06:00:00', '14:00:00', 'Mañana'),
(197, '2021-04-05', '14:00:00', '22:00:00', 'Tarde'),
(198, '2021-04-05', '22:00:00', '06:00:00', 'Noche'),
(199, '2021-04-12', '06:00:00', '14:00:00', 'Mañana'),
(200, '2021-04-12', '14:00:00', '22:00:00', 'Tarde'),
(201, '2021-04-12', '22:00:00', '06:00:00', 'Noche'),
(202, '2021-04-19', '06:00:00', '14:00:00', 'Mañana'),
(203, '2021-04-19', '14:00:00', '22:00:00', 'Tarde'),
(204, '2021-04-19', '22:00:00', '06:00:00', 'Noche'),
(205, '2021-04-26', '06:00:00', '14:00:00', 'Mañana'),
(206, '2021-04-26', '14:00:00', '22:00:00', 'Tarde'),
(207, '2021-04-26', '22:00:00', '06:00:00', 'Noche'),
(208, '2021-05-03', '06:00:00', '14:00:00', 'Mañana'),
(209, '2021-05-03', '14:00:00', '22:00:00', 'Tarde'),
(210, '2021-05-03', '22:00:00', '06:00:00', 'Noche'),
(211, '2021-05-10', '06:00:00', '14:00:00', 'Mañana'),
(212, '2021-05-10', '14:00:00', '22:00:00', 'Tarde'),
(213, '2021-05-10', '22:00:00', '06:00:00', 'Noche'),
(214, '2021-05-17', '06:00:00', '14:00:00', 'Mañana'),
(215, '2021-05-17', '14:00:00', '22:00:00', 'Tarde'),
(216, '2021-05-17', '22:00:00', '06:00:00', 'Noche'),
(217, '2021-05-24', '06:00:00', '14:00:00', 'Mañana'),
(218, '2021-05-24', '14:00:00', '22:00:00', 'Tarde'),
(219, '2021-05-24', '22:00:00', '06:00:00', 'Noche'),
(220, '2021-05-31', '06:00:00', '14:00:00', 'Mañana'),
(221, '2021-05-31', '14:00:00', '22:00:00', 'Tarde'),
(222, '2021-05-31', '22:00:00', '06:00:00', 'Noche'),
(223, '2021-06-07', '06:00:00', '14:00:00', 'Mañana'),
(224, '2021-06-07', '14:00:00', '22:00:00', 'Tarde'),
(225, '2021-06-07', '22:00:00', '06:00:00', 'Noche'),
(226, '2021-06-14', '06:00:00', '14:00:00', 'Mañana'),
(227, '2021-06-14', '14:00:00', '22:00:00', 'Tarde'),
(228, '2021-06-14', '22:00:00', '06:00:00', 'Noche'),
(229, '2021-06-21', '06:00:00', '14:00:00', 'Mañana'),
(230, '2021-06-21', '14:00:00', '22:00:00', 'Tarde'),
(231, '2021-06-21', '22:00:00', '06:00:00', 'Noche'),
(232, '2021-06-28', '06:00:00', '14:00:00', 'Mañana'),
(233, '2021-06-28', '14:00:00', '22:00:00', 'Tarde'),
(234, '2021-06-28', '22:00:00', '06:00:00', 'Noche'),
(235, '2021-07-05', '06:00:00', '14:00:00', 'Mañana'),
(236, '2021-07-05', '14:00:00', '22:00:00', 'Tarde'),
(237, '2021-07-05', '22:00:00', '06:00:00', 'Noche'),
(238, '2021-07-12', '06:00:00', '14:00:00', 'Mañana'),
(239, '2021-07-12', '14:00:00', '22:00:00', 'Tarde'),
(240, '2021-07-12', '22:00:00', '06:00:00', 'Noche'),
(241, '2021-07-19', '06:00:00', '14:00:00', 'Mañana'),
(242, '2021-07-19', '14:00:00', '22:00:00', 'Tarde'),
(243, '2021-07-19', '22:00:00', '06:00:00', 'Noche'),
(244, '2021-07-26', '06:00:00', '14:00:00', 'Mañana'),
(245, '2021-07-26', '14:00:00', '22:00:00', 'Tarde'),
(246, '2021-07-26', '22:00:00', '06:00:00', 'Noche'),
(247, '2021-08-02', '06:00:00', '14:00:00', 'Mañana'),
(248, '2021-08-02', '14:00:00', '22:00:00', 'Tarde'),
(249, '2021-08-02', '22:00:00', '06:00:00', 'Noche'),
(250, '2021-08-09', '06:00:00', '14:00:00', 'Mañana'),
(251, '2021-08-09', '14:00:00', '22:00:00', 'Tarde'),
(252, '2021-08-09', '22:00:00', '06:00:00', 'Noche'),
(253, '2021-08-16', '06:00:00', '14:00:00', 'Mañana'),
(254, '2021-08-16', '14:00:00', '22:00:00', 'Tarde'),
(255, '2021-08-16', '22:00:00', '06:00:00', 'Noche'),
(256, '2021-08-23', '06:00:00', '14:00:00', 'Mañana'),
(257, '2021-08-23', '14:00:00', '22:00:00', 'Tarde'),
(258, '2021-08-23', '22:00:00', '06:00:00', 'Noche'),
(259, '2021-08-30', '06:00:00', '14:00:00', 'Mañana'),
(260, '2021-08-30', '14:00:00', '22:00:00', 'Tarde'),
(261, '2021-08-30', '22:00:00', '06:00:00', 'Noche'),
(262, '2021-09-06', '06:00:00', '14:00:00', 'Mañana'),
(263, '2021-09-06', '14:00:00', '22:00:00', 'Tarde'),
(264, '2021-09-06', '22:00:00', '06:00:00', 'Noche'),
(265, '2021-09-13', '06:00:00', '14:00:00', 'Mañana'),
(266, '2021-09-13', '14:00:00', '22:00:00', 'Tarde'),
(267, '2021-09-13', '22:00:00', '06:00:00', 'Noche'),
(268, '2021-09-20', '06:00:00', '14:00:00', 'Mañana'),
(269, '2021-09-20', '14:00:00', '22:00:00', 'Tarde'),
(270, '2021-09-20', '22:00:00', '06:00:00', 'Noche'),
(271, '2021-09-27', '06:00:00', '14:00:00', 'Mañana'),
(272, '2021-09-27', '14:00:00', '22:00:00', 'Tarde'),
(273, '2021-09-27', '22:00:00', '06:00:00', 'Noche'),
(274, '2021-10-04', '06:00:00', '14:00:00', 'Mañana'),
(275, '2021-10-04', '14:00:00', '22:00:00', 'Tarde'),
(276, '2021-10-04', '22:00:00', '06:00:00', 'Noche'),
(277, '2021-10-11', '06:00:00', '14:00:00', 'Mañana'),
(278, '2021-10-11', '14:00:00', '22:00:00', 'Tarde'),
(279, '2021-10-11', '22:00:00', '06:00:00', 'Noche'),
(280, '2021-10-18', '06:00:00', '14:00:00', 'Mañana'),
(281, '2021-10-18', '14:00:00', '22:00:00', 'Tarde'),
(282, '2021-10-18', '22:00:00', '06:00:00', 'Noche'),
(283, '2021-10-25', '06:00:00', '14:00:00', 'Mañana'),
(284, '2021-10-25', '14:00:00', '22:00:00', 'Tarde'),
(285, '2021-10-25', '22:00:00', '06:00:00', 'Noche'),
(286, '2021-11-01', '06:00:00', '14:00:00', 'Mañana'),
(287, '2021-11-01', '14:00:00', '22:00:00', 'Tarde'),
(288, '2021-11-01', '22:00:00', '06:00:00', 'Noche'),
(289, '2021-11-08', '06:00:00', '14:00:00', 'Mañana'),
(290, '2021-11-08', '14:00:00', '22:00:00', 'Tarde'),
(291, '2021-11-08', '22:00:00', '06:00:00', 'Noche'),
(292, '2021-11-15', '06:00:00', '14:00:00', 'Mañana'),
(293, '2021-11-15', '14:00:00', '22:00:00', 'Tarde'),
(294, '2021-11-15', '22:00:00', '06:00:00', 'Noche'),
(295, '2021-11-22', '06:00:00', '14:00:00', 'Mañana'),
(296, '2021-11-22', '14:00:00', '22:00:00', 'Tarde'),
(297, '2021-11-22', '22:00:00', '06:00:00', 'Noche'),
(298, '2021-11-29', '06:00:00', '14:00:00', 'Mañana'),
(299, '2021-11-29', '14:00:00', '22:00:00', 'Tarde'),
(300, '2021-11-29', '22:00:00', '06:00:00', 'Noche'),
(301, '2021-12-06', '06:00:00', '14:00:00', 'Mañana'),
(302, '2021-12-06', '14:00:00', '22:00:00', 'Tarde'),
(303, '2021-12-06', '22:00:00', '06:00:00', 'Noche'),
(304, '2021-12-13', '06:00:00', '14:00:00', 'Mañana'),
(305, '2021-12-13', '14:00:00', '22:00:00', 'Tarde'),
(306, '2021-12-13', '22:00:00', '06:00:00', 'Noche'),
(307, '2021-12-20', '06:00:00', '14:00:00', 'Mañana'),
(308, '2021-12-20', '14:00:00', '22:00:00', 'Tarde'),
(309, '2021-12-20', '22:00:00', '06:00:00', 'Noche'),
(310, '2021-12-27', '06:00:00', '14:00:00', 'Mañana'),
(311, '2021-12-27', '14:00:00', '22:00:00', 'Tarde'),
(312, '2021-12-27', '22:00:00', '06:00:00', 'Noche'),
(313, '2022-01-03', '06:00:00', '14:00:00', 'Mañana'),
(314, '2022-01-03', '14:00:00', '22:00:00', 'Tarde'),
(315, '2022-01-03', '22:00:00', '06:00:00', 'Noche'),
(316, '2022-01-10', '06:00:00', '14:00:00', 'Mañana'),
(317, '2022-01-10', '14:00:00', '22:00:00', 'Tarde'),
(318, '2022-01-10', '22:00:00', '06:00:00', 'Noche'),
(319, '2022-01-17', '06:00:00', '14:00:00', 'Mañana'),
(320, '2022-01-17', '14:00:00', '22:00:00', 'Tarde'),
(321, '2022-01-17', '22:00:00', '06:00:00', 'Noche'),
(322, '2022-01-24', '06:00:00', '14:00:00', 'Mañana'),
(323, '2022-01-24', '14:00:00', '22:00:00', 'Tarde'),
(324, '2022-01-24', '22:00:00', '06:00:00', 'Noche'),
(325, '2022-01-31', '06:00:00', '14:00:00', 'Mañana'),
(326, '2022-01-31', '14:00:00', '22:00:00', 'Tarde'),
(327, '2022-01-31', '22:00:00', '06:00:00', 'Noche'),
(328, '2022-02-07', '06:00:00', '14:00:00', 'Mañana'),
(329, '2022-02-07', '14:00:00', '22:00:00', 'Tarde'),
(330, '2022-02-07', '22:00:00', '06:00:00', 'Noche'),
(331, '2022-02-14', '06:00:00', '14:00:00', 'Mañana'),
(332, '2022-02-14', '14:00:00', '22:00:00', 'Tarde'),
(333, '2022-02-14', '22:00:00', '06:00:00', 'Noche'),
(334, '2022-02-21', '06:00:00', '14:00:00', 'Mañana'),
(335, '2022-02-21', '14:00:00', '22:00:00', 'Tarde'),
(336, '2022-02-21', '22:00:00', '06:00:00', 'Noche'),
(337, '2022-02-28', '06:00:00', '14:00:00', 'Mañana'),
(338, '2022-02-28', '14:00:00', '22:00:00', 'Tarde'),
(339, '2022-02-28', '22:00:00', '06:00:00', 'Noche'),
(340, '2022-03-07', '06:00:00', '14:00:00', 'Mañana'),
(341, '2022-03-07', '14:00:00', '22:00:00', 'Tarde'),
(342, '2022-03-07', '22:00:00', '06:00:00', 'Noche'),
(343, '2022-03-14', '06:00:00', '14:00:00', 'Mañana'),
(344, '2022-03-14', '14:00:00', '22:00:00', 'Tarde'),
(345, '2022-03-14', '22:00:00', '06:00:00', 'Noche'),
(346, '2022-03-21', '06:00:00', '14:00:00', 'Mañana'),
(347, '2022-03-21', '14:00:00', '22:00:00', 'Tarde'),
(348, '2022-03-21', '22:00:00', '06:00:00', 'Noche'),
(349, '2022-03-28', '06:00:00', '14:00:00', 'Mañana'),
(350, '2022-03-28', '14:00:00', '22:00:00', 'Tarde'),
(351, '2022-03-28', '22:00:00', '06:00:00', 'Noche'),
(352, '2022-04-04', '06:00:00', '14:00:00', 'Mañana'),
(353, '2022-04-04', '14:00:00', '22:00:00', 'Tarde'),
(354, '2022-04-04', '22:00:00', '06:00:00', 'Noche'),
(355, '2022-04-11', '06:00:00', '14:00:00', 'Mañana'),
(356, '2022-04-11', '14:00:00', '22:00:00', 'Tarde'),
(357, '2022-04-11', '22:00:00', '06:00:00', 'Noche'),
(358, '2022-04-18', '06:00:00', '14:00:00', 'Mañana'),
(359, '2022-04-18', '14:00:00', '22:00:00', 'Tarde'),
(360, '2022-04-18', '22:00:00', '06:00:00', 'Noche'),
(361, '2022-04-25', '06:00:00', '14:00:00', 'Mañana'),
(362, '2022-04-25', '14:00:00', '22:00:00', 'Tarde'),
(363, '2022-04-25', '22:00:00', '06:00:00', 'Noche'),
(364, '2022-05-02', '06:00:00', '14:00:00', 'Mañana'),
(365, '2022-05-02', '14:00:00', '22:00:00', 'Tarde'),
(366, '2022-05-02', '22:00:00', '06:00:00', 'Noche'),
(367, '2022-05-09', '06:00:00', '14:00:00', 'Mañana'),
(368, '2022-05-09', '14:00:00', '22:00:00', 'Tarde'),
(369, '2022-05-09', '22:00:00', '06:00:00', 'Noche'),
(370, '2022-05-16', '06:00:00', '14:00:00', 'Mañana'),
(371, '2022-05-16', '14:00:00', '22:00:00', 'Tarde'),
(372, '2022-05-16', '22:00:00', '06:00:00', 'Noche'),
(373, '2022-05-23', '06:00:00', '14:00:00', 'Mañana'),
(374, '2022-05-23', '14:00:00', '22:00:00', 'Tarde'),
(375, '2022-05-23', '22:00:00', '06:00:00', 'Noche'),
(376, '2022-05-30', '06:00:00', '14:00:00', 'Mañana'),
(377, '2022-05-30', '14:00:00', '22:00:00', 'Tarde'),
(378, '2022-05-30', '22:00:00', '06:00:00', 'Noche'),
(379, '2022-06-06', '06:00:00', '14:00:00', 'Mañana'),
(380, '2022-06-06', '14:00:00', '22:00:00', 'Tarde'),
(381, '2022-06-06', '22:00:00', '06:00:00', 'Noche'),
(382, '2022-06-13', '06:00:00', '14:00:00', 'Mañana'),
(383, '2022-06-13', '14:00:00', '22:00:00', 'Tarde'),
(384, '2022-06-13', '22:00:00', '06:00:00', 'Noche'),
(385, '2022-06-20', '06:00:00', '14:00:00', 'Mañana'),
(386, '2022-06-20', '14:00:00', '22:00:00', 'Tarde'),
(387, '2022-06-20', '22:00:00', '06:00:00', 'Noche'),
(388, '2022-06-27', '06:00:00', '14:00:00', 'Mañana'),
(389, '2022-06-27', '14:00:00', '22:00:00', 'Tarde'),
(390, '2022-06-27', '22:00:00', '06:00:00', 'Noche'),
(391, '2022-07-04', '06:00:00', '14:00:00', 'Mañana'),
(392, '2022-07-04', '14:00:00', '22:00:00', 'Tarde'),
(393, '2022-07-04', '22:00:00', '06:00:00', 'Noche'),
(394, '2022-07-11', '06:00:00', '14:00:00', 'Mañana'),
(395, '2022-07-11', '14:00:00', '22:00:00', 'Tarde'),
(396, '2022-07-11', '22:00:00', '06:00:00', 'Noche'),
(397, '2022-07-18', '06:00:00', '14:00:00', 'Mañana'),
(398, '2022-07-18', '14:00:00', '22:00:00', 'Tarde'),
(399, '2022-07-18', '22:00:00', '06:00:00', 'Noche'),
(400, '2022-07-25', '06:00:00', '14:00:00', 'Mañana'),
(401, '2022-07-25', '14:00:00', '22:00:00', 'Tarde'),
(402, '2022-07-25', '22:00:00', '06:00:00', 'Noche'),
(403, '2022-08-01', '06:00:00', '14:00:00', 'Mañana'),
(404, '2022-08-01', '14:00:00', '22:00:00', 'Tarde'),
(405, '2022-08-01', '22:00:00', '06:00:00', 'Noche'),
(406, '2022-08-08', '06:00:00', '14:00:00', 'Mañana'),
(407, '2022-08-08', '14:00:00', '22:00:00', 'Tarde'),
(408, '2022-08-08', '22:00:00', '06:00:00', 'Noche'),
(409, '2022-08-15', '06:00:00', '14:00:00', 'Mañana'),
(410, '2022-08-15', '14:00:00', '22:00:00', 'Tarde'),
(411, '2022-08-15', '22:00:00', '06:00:00', 'Noche'),
(412, '2022-08-22', '06:00:00', '14:00:00', 'Mañana'),
(413, '2022-08-22', '14:00:00', '22:00:00', 'Tarde'),
(414, '2022-08-22', '22:00:00', '06:00:00', 'Noche'),
(415, '2022-08-29', '06:00:00', '14:00:00', 'Mañana'),
(416, '2022-08-29', '14:00:00', '22:00:00', 'Tarde'),
(417, '2022-08-29', '22:00:00', '06:00:00', 'Noche'),
(418, '2022-09-05', '06:00:00', '14:00:00', 'Mañana'),
(419, '2022-09-05', '14:00:00', '22:00:00', 'Tarde'),
(420, '2022-09-05', '22:00:00', '06:00:00', 'Noche'),
(421, '2022-09-12', '06:00:00', '14:00:00', 'Mañana'),
(422, '2022-09-12', '14:00:00', '22:00:00', 'Tarde'),
(423, '2022-09-12', '22:00:00', '06:00:00', 'Noche'),
(424, '2022-09-19', '06:00:00', '14:00:00', 'Mañana'),
(425, '2022-09-19', '14:00:00', '22:00:00', 'Tarde'),
(426, '2022-09-19', '22:00:00', '06:00:00', 'Noche'),
(427, '2022-09-26', '06:00:00', '14:00:00', 'Mañana'),
(428, '2022-09-26', '14:00:00', '22:00:00', 'Tarde'),
(429, '2022-09-26', '22:00:00', '06:00:00', 'Noche'),
(430, '2022-10-03', '06:00:00', '14:00:00', 'Mañana'),
(431, '2022-10-03', '14:00:00', '22:00:00', 'Tarde'),
(432, '2022-10-03', '22:00:00', '06:00:00', 'Noche'),
(433, '2022-10-10', '06:00:00', '14:00:00', 'Mañana'),
(434, '2022-10-10', '14:00:00', '22:00:00', 'Tarde'),
(435, '2022-10-10', '22:00:00', '06:00:00', 'Noche'),
(436, '2022-10-17', '06:00:00', '14:00:00', 'Mañana'),
(437, '2022-10-17', '14:00:00', '22:00:00', 'Tarde'),
(438, '2022-10-17', '22:00:00', '06:00:00', 'Noche'),
(439, '2022-10-24', '06:00:00', '14:00:00', 'Mañana'),
(440, '2022-10-24', '14:00:00', '22:00:00', 'Tarde'),
(441, '2022-10-24', '22:00:00', '06:00:00', 'Noche'),
(442, '2022-10-31', '06:00:00', '14:00:00', 'Mañana'),
(443, '2022-10-31', '14:00:00', '22:00:00', 'Tarde'),
(444, '2022-10-31', '22:00:00', '06:00:00', 'Noche'),
(445, '2022-11-07', '06:00:00', '14:00:00', 'Mañana'),
(446, '2022-11-07', '14:00:00', '22:00:00', 'Tarde'),
(447, '2022-11-07', '22:00:00', '06:00:00', 'Noche'),
(448, '2022-11-14', '06:00:00', '14:00:00', 'Mañana'),
(449, '2022-11-14', '14:00:00', '22:00:00', 'Tarde'),
(450, '2022-11-14', '22:00:00', '06:00:00', 'Noche'),
(451, '2022-11-21', '06:00:00', '14:00:00', 'Mañana'),
(452, '2022-11-21', '14:00:00', '22:00:00', 'Tarde'),
(453, '2022-11-21', '22:00:00', '06:00:00', 'Noche'),
(454, '2022-11-28', '06:00:00', '14:00:00', 'Mañana'),
(455, '2022-11-28', '14:00:00', '22:00:00', 'Tarde'),
(456, '2022-11-28', '22:00:00', '06:00:00', 'Noche'),
(457, '2022-12-05', '06:00:00', '14:00:00', 'Mañana'),
(458, '2022-12-05', '14:00:00', '22:00:00', 'Tarde'),
(459, '2022-12-05', '22:00:00', '06:00:00', 'Noche'),
(460, '2022-12-12', '06:00:00', '14:00:00', 'Mañana'),
(461, '2022-12-12', '14:00:00', '22:00:00', 'Tarde'),
(462, '2022-12-12', '22:00:00', '06:00:00', 'Noche'),
(463, '2022-12-19', '06:00:00', '14:00:00', 'Mañana'),
(464, '2022-12-19', '14:00:00', '22:00:00', 'Tarde'),
(465, '2022-12-19', '22:00:00', '06:00:00', 'Noche'),
(466, '2022-12-26', '06:00:00', '14:00:00', 'Mañana'),
(467, '2022-12-26', '14:00:00', '22:00:00', 'Tarde'),
(468, '2022-12-26', '22:00:00', '06:00:00', 'Noche'),
(469, '2023-01-02', '06:00:00', '14:00:00', 'Mañana'),
(470, '2023-01-02', '14:00:00', '22:00:00', 'Tarde'),
(471, '2023-01-02', '22:00:00', '06:00:00', 'Noche'),
(472, '2023-01-09', '06:00:00', '14:00:00', 'Mañana'),
(473, '2023-01-09', '14:00:00', '22:00:00', 'Tarde'),
(474, '2023-01-09', '22:00:00', '06:00:00', 'Noche'),
(475, '2023-01-16', '06:00:00', '14:00:00', 'Mañana'),
(476, '2023-01-16', '14:00:00', '22:00:00', 'Tarde'),
(477, '2023-01-16', '22:00:00', '06:00:00', 'Noche'),
(478, '2023-01-23', '06:00:00', '14:00:00', 'Mañana'),
(479, '2023-01-23', '14:00:00', '22:00:00', 'Tarde'),
(480, '2023-01-23', '22:00:00', '06:00:00', 'Noche'),
(481, '2023-01-30', '06:00:00', '14:00:00', 'Mañana'),
(482, '2023-01-30', '14:00:00', '22:00:00', 'Tarde'),
(483, '2023-01-30', '22:00:00', '06:00:00', 'Noche'),
(484, '2023-02-06', '06:00:00', '14:00:00', 'Mañana'),
(485, '2023-02-06', '14:00:00', '22:00:00', 'Tarde'),
(486, '2023-02-06', '22:00:00', '06:00:00', 'Noche'),
(487, '2023-02-13', '06:00:00', '14:00:00', 'Mañana'),
(488, '2023-02-13', '14:00:00', '22:00:00', 'Tarde'),
(489, '2023-02-13', '22:00:00', '06:00:00', 'Noche'),
(490, '2023-02-20', '06:00:00', '14:00:00', 'Mañana'),
(491, '2023-02-20', '14:00:00', '22:00:00', 'Tarde'),
(492, '2023-02-20', '22:00:00', '06:00:00', 'Noche'),
(493, '2023-02-27', '06:00:00', '14:00:00', 'Mañana'),
(494, '2023-02-27', '14:00:00', '22:00:00', 'Tarde'),
(495, '2023-02-27', '22:00:00', '06:00:00', 'Noche'),
(496, '2023-03-06', '06:00:00', '14:00:00', 'Mañana'),
(497, '2023-03-06', '14:00:00', '22:00:00', 'Tarde'),
(498, '2023-03-06', '22:00:00', '06:00:00', 'Noche'),
(499, '2023-03-13', '06:00:00', '14:00:00', 'Mañana'),
(500, '2023-03-13', '14:00:00', '22:00:00', 'Tarde'),
(501, '2023-03-13', '22:00:00', '06:00:00', 'Noche'),
(502, '2023-03-20', '06:00:00', '14:00:00', 'Mañana'),
(503, '2023-03-20', '14:00:00', '22:00:00', 'Tarde'),
(504, '2023-03-20', '22:00:00', '06:00:00', 'Noche'),
(505, '2023-03-27', '06:00:00', '14:00:00', 'Mañana'),
(506, '2023-03-27', '14:00:00', '22:00:00', 'Tarde'),
(507, '2023-03-27', '22:00:00', '06:00:00', 'Noche'),
(508, '2023-04-03', '06:00:00', '14:00:00', 'Mañana'),
(509, '2023-04-03', '14:00:00', '22:00:00', 'Tarde'),
(510, '2023-04-03', '22:00:00', '06:00:00', 'Noche'),
(511, '2023-04-10', '06:00:00', '14:00:00', 'Mañana'),
(512, '2023-04-10', '14:00:00', '22:00:00', 'Tarde'),
(513, '2023-04-10', '22:00:00', '06:00:00', 'Noche'),
(514, '2023-04-17', '06:00:00', '14:00:00', 'Mañana'),
(515, '2023-04-17', '14:00:00', '22:00:00', 'Tarde'),
(516, '2023-04-17', '22:00:00', '06:00:00', 'Noche'),
(517, '2023-04-24', '06:00:00', '14:00:00', 'Mañana'),
(518, '2023-04-24', '14:00:00', '22:00:00', 'Tarde'),
(519, '2023-04-24', '22:00:00', '06:00:00', 'Noche'),
(520, '2023-05-01', '06:00:00', '14:00:00', 'Mañana'),
(521, '2023-05-01', '14:00:00', '22:00:00', 'Tarde'),
(522, '2023-05-01', '22:00:00', '06:00:00', 'Noche'),
(523, '2023-05-08', '06:00:00', '14:00:00', 'Mañana'),
(524, '2023-05-08', '14:00:00', '22:00:00', 'Tarde'),
(525, '2023-05-08', '22:00:00', '06:00:00', 'Noche'),
(526, '2023-05-15', '06:00:00', '14:00:00', 'Mañana'),
(527, '2023-05-15', '14:00:00', '22:00:00', 'Tarde'),
(528, '2023-05-15', '22:00:00', '06:00:00', 'Noche'),
(529, '2023-05-22', '06:00:00', '14:00:00', 'Mañana'),
(530, '2023-05-22', '14:00:00', '22:00:00', 'Tarde'),
(531, '2023-05-22', '22:00:00', '06:00:00', 'Noche'),
(532, '2023-05-29', '06:00:00', '14:00:00', 'Mañana'),
(533, '2023-05-29', '14:00:00', '22:00:00', 'Tarde'),
(534, '2023-05-29', '22:00:00', '06:00:00', 'Noche'),
(535, '2023-06-05', '06:00:00', '14:00:00', 'Mañana'),
(536, '2023-06-05', '14:00:00', '22:00:00', 'Tarde'),
(537, '2023-06-05', '22:00:00', '06:00:00', 'Noche'),
(538, '2023-06-12', '06:00:00', '14:00:00', 'Mañana'),
(539, '2023-06-12', '14:00:00', '22:00:00', 'Tarde'),
(540, '2023-06-12', '22:00:00', '06:00:00', 'Noche'),
(541, '2023-06-19', '06:00:00', '14:00:00', 'Mañana'),
(542, '2023-06-19', '14:00:00', '22:00:00', 'Tarde'),
(543, '2023-06-19', '22:00:00', '06:00:00', 'Noche'),
(544, '2023-06-26', '06:00:00', '14:00:00', 'Mañana'),
(545, '2023-06-26', '14:00:00', '22:00:00', 'Tarde'),
(546, '2023-06-26', '22:00:00', '06:00:00', 'Noche'),
(547, '2023-07-03', '06:00:00', '14:00:00', 'Mañana'),
(548, '2023-07-03', '14:00:00', '22:00:00', 'Tarde'),
(549, '2023-07-03', '22:00:00', '06:00:00', 'Noche'),
(550, '2023-07-10', '06:00:00', '14:00:00', 'Mañana'),
(551, '2023-07-10', '14:00:00', '22:00:00', 'Tarde'),
(552, '2023-07-10', '22:00:00', '06:00:00', 'Noche'),
(553, '2023-07-17', '06:00:00', '14:00:00', 'Mañana'),
(554, '2023-07-17', '14:00:00', '22:00:00', 'Tarde'),
(555, '2023-07-17', '22:00:00', '06:00:00', 'Noche'),
(556, '2023-07-24', '06:00:00', '14:00:00', 'Mañana'),
(557, '2023-07-24', '14:00:00', '22:00:00', 'Tarde'),
(558, '2023-07-24', '22:00:00', '06:00:00', 'Noche'),
(559, '2023-07-31', '06:00:00', '14:00:00', 'Mañana'),
(560, '2023-07-31', '14:00:00', '22:00:00', 'Tarde'),
(561, '2023-07-31', '22:00:00', '06:00:00', 'Noche'),
(562, '2023-08-07', '06:00:00', '14:00:00', 'Mañana'),
(563, '2023-08-07', '14:00:00', '22:00:00', 'Tarde'),
(564, '2023-08-07', '22:00:00', '06:00:00', 'Noche'),
(565, '2023-08-14', '06:00:00', '14:00:00', 'Mañana'),
(566, '2023-08-14', '14:00:00', '22:00:00', 'Tarde'),
(567, '2023-08-14', '22:00:00', '06:00:00', 'Noche'),
(568, '2023-08-21', '06:00:00', '14:00:00', 'Mañana'),
(569, '2023-08-21', '14:00:00', '22:00:00', 'Tarde'),
(570, '2023-08-21', '22:00:00', '06:00:00', 'Noche'),
(571, '2023-08-28', '06:00:00', '14:00:00', 'Mañana'),
(572, '2023-08-28', '14:00:00', '22:00:00', 'Tarde'),
(573, '2023-08-28', '22:00:00', '06:00:00', 'Noche'),
(574, '2023-09-04', '06:00:00', '14:00:00', 'Mañana'),
(575, '2023-09-04', '14:00:00', '22:00:00', 'Tarde'),
(576, '2023-09-04', '22:00:00', '06:00:00', 'Noche'),
(577, '2023-09-11', '06:00:00', '14:00:00', 'Mañana'),
(578, '2023-09-11', '14:00:00', '22:00:00', 'Tarde'),
(579, '2023-09-11', '22:00:00', '06:00:00', 'Noche'),
(580, '2023-09-18', '06:00:00', '14:00:00', 'Mañana'),
(581, '2023-09-18', '14:00:00', '22:00:00', 'Tarde'),
(582, '2023-09-18', '22:00:00', '06:00:00', 'Noche'),
(583, '2023-09-25', '06:00:00', '14:00:00', 'Mañana'),
(584, '2023-09-25', '14:00:00', '22:00:00', 'Tarde'),
(585, '2023-09-25', '22:00:00', '06:00:00', 'Noche'),
(586, '2023-10-02', '06:00:00', '14:00:00', 'Mañana'),
(587, '2023-10-02', '14:00:00', '22:00:00', 'Tarde'),
(588, '2023-10-02', '22:00:00', '06:00:00', 'Noche'),
(589, '2023-10-09', '06:00:00', '14:00:00', 'Mañana'),
(590, '2023-10-09', '14:00:00', '22:00:00', 'Tarde'),
(591, '2023-10-09', '22:00:00', '06:00:00', 'Noche'),
(592, '2023-10-16', '06:00:00', '14:00:00', 'Mañana'),
(593, '2023-10-16', '14:00:00', '22:00:00', 'Tarde'),
(594, '2023-10-16', '22:00:00', '06:00:00', 'Noche'),
(595, '2023-10-23', '06:00:00', '14:00:00', 'Mañana'),
(596, '2023-10-23', '14:00:00', '22:00:00', 'Tarde'),
(597, '2023-10-23', '22:00:00', '06:00:00', 'Noche'),
(598, '2023-10-30', '06:00:00', '14:00:00', 'Mañana'),
(599, '2023-10-30', '14:00:00', '22:00:00', 'Tarde'),
(600, '2023-10-30', '22:00:00', '06:00:00', 'Noche'),
(601, '2023-11-06', '06:00:00', '14:00:00', 'Mañana'),
(602, '2023-11-06', '14:00:00', '22:00:00', 'Tarde'),
(603, '2023-11-06', '22:00:00', '06:00:00', 'Noche'),
(604, '2023-11-13', '06:00:00', '14:00:00', 'Mañana'),
(605, '2023-11-13', '14:00:00', '22:00:00', 'Tarde'),
(606, '2023-11-13', '22:00:00', '06:00:00', 'Noche'),
(607, '2023-11-20', '06:00:00', '14:00:00', 'Mañana'),
(608, '2023-11-20', '14:00:00', '22:00:00', 'Tarde'),
(609, '2023-11-20', '22:00:00', '06:00:00', 'Noche'),
(610, '2023-11-27', '06:00:00', '14:00:00', 'Mañana'),
(611, '2023-11-27', '14:00:00', '22:00:00', 'Tarde'),
(612, '2023-11-27', '22:00:00', '06:00:00', 'Noche'),
(613, '2023-12-04', '06:00:00', '14:00:00', 'Mañana'),
(614, '2023-12-04', '14:00:00', '22:00:00', 'Tarde'),
(615, '2023-12-04', '22:00:00', '06:00:00', 'Noche'),
(616, '2023-12-11', '06:00:00', '14:00:00', 'Mañana'),
(617, '2023-12-11', '14:00:00', '22:00:00', 'Tarde'),
(618, '2023-12-11', '22:00:00', '06:00:00', 'Noche'),
(619, '2023-12-18', '06:00:00', '14:00:00', 'Mañana'),
(620, '2023-12-18', '14:00:00', '22:00:00', 'Tarde'),
(621, '2023-12-18', '22:00:00', '06:00:00', 'Noche'),
(622, '2023-12-25', '06:00:00', '14:00:00', 'Mañana'),
(623, '2023-12-25', '14:00:00', '22:00:00', 'Tarde'),
(624, '2023-12-25', '22:00:00', '06:00:00', 'Noche'),
(625, '2024-01-01', '06:00:00', '14:00:00', 'Mañana'),
(626, '2024-01-01', '14:00:00', '22:00:00', 'Tarde'),
(627, '2024-01-01', '22:00:00', '06:00:00', 'Noche'),
(628, '2024-01-08', '06:00:00', '14:00:00', 'Mañana'),
(629, '2024-01-08', '14:00:00', '22:00:00', 'Tarde'),
(630, '2024-01-08', '22:00:00', '06:00:00', 'Noche'),
(631, '2024-01-15', '06:00:00', '14:00:00', 'Mañana'),
(632, '2024-01-15', '14:00:00', '22:00:00', 'Tarde'),
(633, '2024-01-15', '22:00:00', '06:00:00', 'Noche'),
(634, '2024-01-22', '06:00:00', '14:00:00', 'Mañana'),
(635, '2024-01-22', '14:00:00', '22:00:00', 'Tarde'),
(636, '2024-01-22', '22:00:00', '06:00:00', 'Noche'),
(637, '2024-01-29', '06:00:00', '14:00:00', 'Mañana'),
(638, '2024-01-29', '14:00:00', '22:00:00', 'Tarde'),
(639, '2024-01-29', '22:00:00', '06:00:00', 'Noche'),
(640, '2024-02-05', '06:00:00', '14:00:00', 'Mañana'),
(641, '2024-02-05', '14:00:00', '22:00:00', 'Tarde'),
(642, '2024-02-05', '22:00:00', '06:00:00', 'Noche'),
(643, '2024-02-12', '06:00:00', '14:00:00', 'Mañana'),
(644, '2024-02-12', '14:00:00', '22:00:00', 'Tarde'),
(645, '2024-02-12', '22:00:00', '06:00:00', 'Noche'),
(646, '2024-02-19', '06:00:00', '14:00:00', 'Mañana'),
(647, '2024-02-19', '14:00:00', '22:00:00', 'Tarde'),
(648, '2024-02-19', '22:00:00', '06:00:00', 'Noche'),
(649, '2024-02-26', '06:00:00', '14:00:00', 'Mañana'),
(650, '2024-02-26', '14:00:00', '22:00:00', 'Tarde'),
(651, '2024-02-26', '22:00:00', '06:00:00', 'Noche'),
(652, '2024-03-04', '06:00:00', '14:00:00', 'Mañana'),
(653, '2024-03-04', '14:00:00', '22:00:00', 'Tarde'),
(654, '2024-03-04', '22:00:00', '06:00:00', 'Noche'),
(655, '2024-03-11', '06:00:00', '14:00:00', 'Mañana'),
(656, '2024-03-11', '14:00:00', '22:00:00', 'Tarde'),
(657, '2024-03-11', '22:00:00', '06:00:00', 'Noche'),
(658, '2024-03-18', '06:00:00', '14:00:00', 'Mañana'),
(659, '2024-03-18', '14:00:00', '22:00:00', 'Tarde'),
(660, '2024-03-18', '22:00:00', '06:00:00', 'Noche'),
(661, '2024-03-25', '06:00:00', '14:00:00', 'Mañana'),
(662, '2024-03-25', '14:00:00', '22:00:00', 'Tarde'),
(663, '2024-03-25', '22:00:00', '06:00:00', 'Noche'),
(664, '2024-04-01', '06:00:00', '14:00:00', 'Mañana'),
(665, '2024-04-01', '14:00:00', '22:00:00', 'Tarde'),
(666, '2024-04-01', '22:00:00', '06:00:00', 'Noche'),
(667, '2024-04-08', '06:00:00', '14:00:00', 'Mañana'),
(668, '2024-04-08', '14:00:00', '22:00:00', 'Tarde'),
(669, '2024-04-08', '22:00:00', '06:00:00', 'Noche'),
(670, '2024-04-15', '06:00:00', '14:00:00', 'Mañana'),
(671, '2024-04-15', '14:00:00', '22:00:00', 'Tarde'),
(672, '2024-04-15', '22:00:00', '06:00:00', 'Noche'),
(673, '2024-04-22', '06:00:00', '14:00:00', 'Mañana'),
(674, '2024-04-22', '14:00:00', '22:00:00', 'Tarde'),
(675, '2024-04-22', '22:00:00', '06:00:00', 'Noche'),
(676, '2024-04-29', '06:00:00', '14:00:00', 'Mañana'),
(677, '2024-04-29', '14:00:00', '22:00:00', 'Tarde'),
(678, '2024-04-29', '22:00:00', '06:00:00', 'Noche'),
(679, '2024-05-06', '06:00:00', '14:00:00', 'Mañana'),
(680, '2024-05-06', '14:00:00', '22:00:00', 'Tarde'),
(681, '2024-05-06', '22:00:00', '06:00:00', 'Noche'),
(682, '2024-05-13', '06:00:00', '14:00:00', 'Mañana'),
(683, '2024-05-13', '14:00:00', '22:00:00', 'Tarde'),
(684, '2024-05-13', '22:00:00', '06:00:00', 'Noche'),
(685, '2024-05-20', '06:00:00', '14:00:00', 'Mañana'),
(686, '2024-05-20', '14:00:00', '22:00:00', 'Tarde'),
(687, '2024-05-20', '22:00:00', '06:00:00', 'Noche'),
(688, '2024-05-27', '06:00:00', '14:00:00', 'Mañana'),
(689, '2024-05-27', '14:00:00', '22:00:00', 'Tarde'),
(690, '2024-05-27', '22:00:00', '06:00:00', 'Noche'),
(691, '2024-06-03', '06:00:00', '14:00:00', 'Mañana'),
(692, '2024-06-03', '14:00:00', '22:00:00', 'Tarde'),
(693, '2024-06-03', '22:00:00', '06:00:00', 'Noche'),
(694, '2024-06-10', '06:00:00', '14:00:00', 'Mañana'),
(695, '2024-06-10', '14:00:00', '22:00:00', 'Tarde'),
(696, '2024-06-10', '22:00:00', '06:00:00', 'Noche'),
(697, '2024-06-17', '06:00:00', '14:00:00', 'Mañana'),
(698, '2024-06-17', '14:00:00', '22:00:00', 'Tarde'),
(699, '2024-06-17', '22:00:00', '06:00:00', 'Noche'),
(700, '2024-06-24', '06:00:00', '14:00:00', 'Mañana'),
(701, '2024-06-24', '14:00:00', '22:00:00', 'Tarde'),
(702, '2024-06-24', '22:00:00', '06:00:00', 'Noche'),
(703, '2024-07-01', '06:00:00', '14:00:00', 'Mañana'),
(704, '2024-07-01', '14:00:00', '22:00:00', 'Tarde'),
(705, '2024-07-01', '22:00:00', '06:00:00', 'Noche'),
(706, '2024-07-08', '06:00:00', '14:00:00', 'Mañana'),
(707, '2024-07-08', '14:00:00', '22:00:00', 'Tarde'),
(708, '2024-07-08', '22:00:00', '06:00:00', 'Noche'),
(709, '2024-07-15', '06:00:00', '14:00:00', 'Mañana'),
(710, '2024-07-15', '14:00:00', '22:00:00', 'Tarde'),
(711, '2024-07-15', '22:00:00', '06:00:00', 'Noche'),
(712, '2024-07-22', '06:00:00', '14:00:00', 'Mañana'),
(713, '2024-07-22', '14:00:00', '22:00:00', 'Tarde'),
(714, '2024-07-22', '22:00:00', '06:00:00', 'Noche'),
(715, '2024-07-29', '06:00:00', '14:00:00', 'Mañana'),
(716, '2024-07-29', '14:00:00', '22:00:00', 'Tarde'),
(717, '2024-07-29', '22:00:00', '06:00:00', 'Noche'),
(718, '2024-08-05', '06:00:00', '14:00:00', 'Mañana'),
(719, '2024-08-05', '14:00:00', '22:00:00', 'Tarde'),
(720, '2024-08-05', '22:00:00', '06:00:00', 'Noche'),
(721, '2024-08-12', '06:00:00', '14:00:00', 'Mañana'),
(722, '2024-08-12', '14:00:00', '22:00:00', 'Tarde'),
(723, '2024-08-12', '22:00:00', '06:00:00', 'Noche'),
(724, '2024-08-19', '06:00:00', '14:00:00', 'Mañana'),
(725, '2024-08-19', '14:00:00', '22:00:00', 'Tarde'),
(726, '2024-08-19', '22:00:00', '06:00:00', 'Noche'),
(727, '2024-08-26', '06:00:00', '14:00:00', 'Mañana'),
(728, '2024-08-26', '14:00:00', '22:00:00', 'Tarde'),
(729, '2024-08-26', '22:00:00', '06:00:00', 'Noche'),
(730, '2024-09-02', '06:00:00', '14:00:00', 'Mañana'),
(731, '2024-09-02', '14:00:00', '22:00:00', 'Tarde'),
(732, '2024-09-02', '22:00:00', '06:00:00', 'Noche'),
(733, '2024-09-09', '06:00:00', '14:00:00', 'Mañana'),
(734, '2024-09-09', '14:00:00', '22:00:00', 'Tarde'),
(735, '2024-09-09', '22:00:00', '06:00:00', 'Noche'),
(736, '2024-09-16', '06:00:00', '14:00:00', 'Mañana'),
(737, '2024-09-16', '14:00:00', '22:00:00', 'Tarde'),
(738, '2024-09-16', '22:00:00', '06:00:00', 'Noche'),
(739, '2024-09-23', '06:00:00', '14:00:00', 'Mañana'),
(740, '2024-09-23', '14:00:00', '22:00:00', 'Tarde'),
(741, '2024-09-23', '22:00:00', '06:00:00', 'Noche'),
(742, '2024-09-30', '06:00:00', '14:00:00', 'Mañana'),
(743, '2024-09-30', '14:00:00', '22:00:00', 'Tarde'),
(744, '2024-09-30', '22:00:00', '06:00:00', 'Noche'),
(745, '2024-10-07', '06:00:00', '14:00:00', 'Mañana'),
(746, '2024-10-07', '14:00:00', '22:00:00', 'Tarde'),
(747, '2024-10-07', '22:00:00', '06:00:00', 'Noche'),
(748, '2024-10-14', '06:00:00', '14:00:00', 'Mañana'),
(749, '2024-10-14', '14:00:00', '22:00:00', 'Tarde'),
(750, '2024-10-14', '22:00:00', '06:00:00', 'Noche'),
(751, '2024-10-21', '06:00:00', '14:00:00', 'Mañana'),
(752, '2024-10-21', '14:00:00', '22:00:00', 'Tarde'),
(753, '2024-10-21', '22:00:00', '06:00:00', 'Noche'),
(754, '2024-10-28', '06:00:00', '14:00:00', 'Mañana'),
(755, '2024-10-28', '14:00:00', '22:00:00', 'Tarde'),
(756, '2024-10-28', '22:00:00', '06:00:00', 'Noche'),
(757, '2024-11-04', '06:00:00', '14:00:00', 'Mañana'),
(758, '2024-11-04', '14:00:00', '22:00:00', 'Tarde'),
(759, '2024-11-04', '22:00:00', '06:00:00', 'Noche'),
(760, '2024-11-11', '06:00:00', '14:00:00', 'Mañana'),
(761, '2024-11-11', '14:00:00', '22:00:00', 'Tarde'),
(762, '2024-11-11', '22:00:00', '06:00:00', 'Noche'),
(763, '2024-11-18', '06:00:00', '14:00:00', 'Mañana'),
(764, '2024-11-18', '14:00:00', '22:00:00', 'Tarde'),
(765, '2024-11-18', '22:00:00', '06:00:00', 'Noche'),
(766, '2024-11-25', '06:00:00', '14:00:00', 'Mañana'),
(767, '2024-11-25', '14:00:00', '22:00:00', 'Tarde'),
(768, '2024-11-25', '22:00:00', '06:00:00', 'Noche'),
(769, '2024-12-02', '06:00:00', '14:00:00', 'Mañana'),
(770, '2024-12-02', '14:00:00', '22:00:00', 'Tarde'),
(771, '2024-12-02', '22:00:00', '06:00:00', 'Noche'),
(772, '2024-12-09', '06:00:00', '14:00:00', 'Mañana'),
(773, '2024-12-09', '14:00:00', '22:00:00', 'Tarde'),
(774, '2024-12-09', '22:00:00', '06:00:00', 'Noche'),
(775, '2024-12-16', '06:00:00', '14:00:00', 'Mañana'),
(776, '2024-12-16', '14:00:00', '22:00:00', 'Tarde'),
(777, '2024-12-16', '22:00:00', '06:00:00', 'Noche'),
(778, '2024-12-23', '06:00:00', '14:00:00', 'Mañana'),
(779, '2024-12-23', '14:00:00', '22:00:00', 'Tarde'),
(780, '2024-12-23', '22:00:00', '06:00:00', 'Noche'),
(781, '2024-12-30', '06:00:00', '14:00:00', 'Mañana'),
(782, '2024-12-30', '14:00:00', '22:00:00', 'Tarde'),
(783, '2024-12-30', '22:00:00', '06:00:00', 'Noche');

-- ================================================================
-- INCIDENTES (80 registros)
-- ================================================================
INSERT INTO incidentes (id_incidente, fecha, tipo, severidad, id_turno, id_reactor, descripcion, requiere_evacuacion, costo_impacto, resuelto) VALUES
(1, '2023-03-15', 'Alarma_Falsa', 1, 13, 2, "Sensor de temperatura defectuoso activó alarma sin causa real", 0, 5000.00, 1),
(2, '2023-06-21', 'Sobrecalentamiento', 3, 19, 3, "Temperatura del núcleo superó umbral por falla en sistema de refrigeración", 0, 85000.00, 1),
(3, '2023-11-18', 'Error_Operador', 4, 34, 4, "Homer se durmió durante turno crítico. Protocolo de emergencia activado", 1, 180000.00, 1),
(4, '2024-07-07', 'Mayor', 7, 121, 4, "Fallo catastrófico reactor RBMK. Evacuación total zona norte de Springfield", 1, 950000.00, 0),
(5, '2024-04-01', 'Fuga', 2, 88, 1, "Fuga menor de refrigerante contenida en sala de bombas", 0, 22000.00, 1),
(6, '2023-09-12', 'Fallo_Mecanico', 2, 25, 2, "Falla en bomba de circulación secundaria", 0, 45000.00, 1),
(7, '2024-08-13', 'Sobrecalentamiento', 3, 139, 3, "Mantenimiento incompleto derivó en sobrecalentamiento moderado", 0, 67000.00, 1),
(8, '2024-10-15', 'Alarma_Falsa', 1, 154, 1, "Falsa alarma por interferencia electromagnética en panel de control", 0, 3500.00, 1),
(9, '2021-08-09', 'Alarma_Falsa', 0, 251, 3, "Sensor defectuoso activó alarma sin causa real", 0, 1976.77, 1),
(10, '2020-07-27', 'Fuga', 3, 90, 4, "Fuga de boro líquido contenida en nivel 2", 0, 92192.18, 1),
(11, '2023-12-11', 'Fuga', 1, 617, 1, "Fuga menor de refrigerante en circuito primario", 0, 12541.17, 1),
(12, '2023-11-13', 'Alarma_Falsa', 1, 604, 1, "Interferencia electromagnética en panel", 0, 16760.32, 1),
(13, '2022-03-28', 'Fuga', 1, 349, 3, "Derrame de agua desmineralizada en sala de bombas", 0, 5643.15, 1),
(14, '2022-06-27', 'Mayor', 6, 390, 1, "Fallo catastrófico en sistema de contención", 1, 21154.07, 0),
(15, '2024-10-14', 'Sobrecalentamiento', 3, 748, 4, "Sobrecalentamiento por fallo de ventilación", 0, 103622.81, 1),
(16, '2021-12-06', 'Mayor', 6, 301, 1, "Evento mayor con activación de protocolo de emergencia", 1, 32833.39, 0),
(17, '2020-06-15', 'Error_Operador', 5, 72, 1, "Operador omitió paso de protocolo de enfriamiento", 1, 895136.99, 1),
(18, '2020-08-31', 'Alarma_Falsa', 0, 104, 4, "Interferencia electromagnética en panel", 0, 2945.82, 1),
(19, '2022-05-02', 'Alarma_Falsa', 1, 364, 1, "Sensor defectuoso activó alarma sin causa real", 0, 14392.98, 1),
(20, '2021-02-15', 'Alarma_Falsa', 0, 176, 2, "Falsa alarma por prueba no notificada", 0, 6103.89, 1),
(21, '2024-03-11', 'Sobrecalentamiento', 3, 656, 1, "Exceso de temperatura en barras de combustible", 0, 105694.97, 1),
(22, '2020-03-16', 'Alarma_Falsa', 0, 33, 1, "Interferencia electromagnética en panel", 0, 3808.15, 1),
(23, '2022-01-24', 'Fuga', 3, 323, 4, "Fuga menor de refrigerante en circuito primario", 0, 115543.87, 1),
(24, '2020-11-30', 'Fallo_Mecanico', 3, 143, 1, "Falla en bomba de circulación secundaria", 0, 124498.90, 1),
(25, '2022-08-15', 'Fallo_Mecanico', 3, 409, 4, "Rotura de válvula de control de presión", 0, 71932.08, 1),
(26, '2024-12-09', 'Mayor', 7, 774, 2, "Fallo catastrófico en sistema de contención", 1, 2694426.40, 0),
(27, '2022-10-10', 'Sobrecalentamiento', 2, 433, 3, "Exceso de temperatura en barras de combustible", 0, 17858.75, 1),
(28, '2023-08-14', 'Fallo_Mecanico', 3, 567, 2, "Falla en bomba de circulación secundaria", 0, 118028.34, 1),
(29, '2024-03-11', 'Fuga', 3, 657, 3, "Derrame de agua desmineralizada en sala de bombas", 0, 61155.22, 1),
(30, '2024-09-23', 'Fallo_Mecanico', 3, 740, 1, "Mal funcionamiento del sistema SCRAM", 0, 76338.91, 1),
(31, '2020-09-14', 'Fallo_Mecanico', 2, 109, 2, "Mal funcionamiento del sistema SCRAM", 0, 28430.02, 1),
(32, '2024-12-30', 'Alarma_Falsa', 0, 781, 1, "Sensor defectuoso activó alarma sin causa real", 0, 4775.65, 1),
(33, '2023-03-13', 'Alarma_Falsa', 0, 501, 2, "Sensor defectuoso activó alarma sin causa real", 0, 1783.07, 1),
(34, '2021-08-02', 'Fallo_Mecanico', 3, 247, 1, "Mal funcionamiento del sistema SCRAM", 0, 144694.94, 1),
(35, '2024-12-23', 'Fuga', 2, 779, 4, "Fuga de boro líquido contenida en nivel 2", 0, 49462.55, 1),
(36, '2021-02-01', 'Fuga', 2, 170, 4, "Derrame de agua desmineralizada en sala de bombas", 0, 38745.32, 1),
(37, '2024-07-08', 'Alarma_Falsa', 0, 707, 4, "Sensor defectuoso activó alarma sin causa real", 0, 5990.64, 1),
(38, '2023-05-22', 'Fallo_Mecanico', 3, 530, 2, "Rotura de válvula de control de presión", 0, 62100.42, 1),
(39, '2023-08-21', 'Sobrecalentamiento', 3, 568, 1, "Temperatura del núcleo superó umbral operativo", 0, 108844.01, 1),
(40, '2021-07-05', 'Fuga', 3, 235, 2, "Fuga menor de refrigerante en circuito primario", 0, 140542.00, 1),
(41, '2021-11-01', 'Error_Operador', 3, 286, 2, "Homer se durmió durante turno crítico", 0, 98541.45, 1),
(42, '2023-02-06', 'Fallo_Mecanico', 3, 485, 1, "Rotura de válvula de control de presión", 0, 69040.99, 1),
(43, '2022-09-12', 'Fuga', 2, 421, 2, "Derrame de agua desmineralizada en sala de bombas", 0, 53872.65, 1),
(44, '2020-08-24', 'Fuga', 3, 101, 5, "Fuga menor de refrigerante en circuito primario", 0, 90262.13, 1),
(45, '2021-03-29', 'Sobrecalentamiento', 2, 195, 1, "Exceso de temperatura en barras de combustible", 0, 35187.61, 1),
(46, '2020-06-29', 'Fallo_Mecanico', 3, 78, 2, "Rotura de válvula de control de presión", 0, 130802.22, 1),
(47, '2023-07-17', 'Error_Operador', 3, 554, 1, "Operador omitió paso de protocolo de enfriamiento", 0, 146899.63, 1),
(48, '2023-03-06', 'Error_Operador', 3, 498, 1, "Configuración incorrecta de parámetros de control", 0, 71374.73, 1),
(49, '2020-01-06', 'Fallo_Mecanico', 2, 3, 1, "Rotura de válvula de control de presión", 0, 26934.14, 1),
(50, '2024-07-22', 'Alarma_Falsa', 1, 714, 1, "Falsa alarma por prueba no notificada", 0, 19922.19, 1),
(51, '2021-12-13', 'Alarma_Falsa', 1, 304, 1, "Sensor defectuoso activó alarma sin causa real", 0, 19468.06, 1),
(52, '2020-05-18', 'Alarma_Falsa', 0, 59, 3, "Sensor defectuoso activó alarma sin causa real", 0, 5089.24, 1),
(53, '2023-05-01', 'Fallo_Mecanico', 2, 521, 1, "Falla en bomba de circulación secundaria", 0, 53310.41, 1),
(54, '2021-07-19', 'Fuga', 1, 241, 3, "Derrame de agua desmineralizada en sala de bombas", 0, 5038.07, 1),
(55, '2020-04-06', 'Error_Operador', 3, 41, 2, "Homer se durmió durante turno crítico", 0, 58198.34, 1),
(56, '2021-05-03', 'Alarma_Falsa', 1, 210, 4, "Falsa alarma por prueba no notificada", 0, 15175.26, 1),
(57, '2024-03-25', 'Sobrecalentamiento', 3, 661, 1, "Sobrecalentamiento por fallo de ventilación", 0, 95722.46, 1),
(58, '2024-01-29', 'Error_Operador', 3, 637, 1, "Homer se durmió durante turno crítico", 0, 149609.64, 1),
(59, '2020-11-16', 'Fuga', 1, 136, 2, "Derrame de agua desmineralizada en sala de bombas", 0, 17974.69, 1),
(60, '2022-11-14', 'Error_Operador', 4, 449, 1, "Homer se durmió durante turno crítico", 1, 311061.98, 1),
(61, '2021-12-20', 'Alarma_Falsa', 0, 307, 3, "Falsa alarma por prueba no notificada", 0, 1725.11, 1),
(62, '2020-09-14', 'Error_Operador', 4, 110, 1, "Homer se durmió durante turno crítico", 1, 265967.09, 1),
(63, '2022-04-04', 'Sobrecalentamiento', 4, 352, 1, "Temperatura del núcleo superó umbral operativo", 1, 306249.14, 1),
(64, '2020-05-04', 'Error_Operador', 5, 53, 2, "Operador omitió paso de protocolo de enfriamiento", 1, 870856.00, 1),
(65, '2020-11-09', 'Error_Operador', 3, 134, 1, "Homer se durmió durante turno crítico", 0, 147979.80, 1),
(66, '2022-10-17', 'Sobrecalentamiento', 3, 438, 2, "Exceso de temperatura en barras de combustible", 0, 50966.97, 1),
(67, '2023-07-31', 'Fuga', 3, 559, 4, "Fuga menor de refrigerante en circuito primario", 0, 133459.50, 1),
(68, '2020-04-13', 'Alarma_Falsa', 0, 43, 2, "Interferencia electromagnética en panel", 0, 3552.56, 1),
(69, '2021-05-17', 'Error_Operador', 3, 216, 4, "Homer se durmió durante turno crítico", 0, 74952.97, 1),
(70, '2022-08-29', 'Fuga', 3, 417, 4, "Fuga de boro líquido contenida en nivel 2", 0, 124947.76, 1),
(71, '2021-03-01', 'Error_Operador', 3, 182, 4, "Configuración incorrecta de parámetros de control", 0, 52478.64, 1),
(72, '2022-09-12', 'Alarma_Falsa', 1, 422, 3, "Falsa alarma por prueba no notificada", 0, 17689.09, 1),
(73, '2024-08-05', 'Error_Operador', 4, 719, 1, "Operador omitió paso de protocolo de enfriamiento", 1, 214762.52, 1),
(74, '2023-01-09', 'Fuga', 2, 472, 1, "Derrame de agua desmineralizada en sala de bombas", 0, 28733.59, 1),
(75, '2024-04-29', 'Alarma_Falsa', 0, 676, 1, "Sensor defectuoso activó alarma sin causa real", 0, 3789.26, 1),
(76, '2022-04-18', 'Sobrecalentamiento', 2, 360, 5, "Exceso de temperatura en barras de combustible", 0, 37923.26, 1),
(77, '2020-10-05', 'Alarma_Falsa', 1, 119, 4, "Interferencia electromagnética en panel", 0, 6035.65, 1),
(78, '2023-11-27', 'Mayor', 6, 611, 1, "Pérdida de refrigerante primario con liberación parcial", 1, 20555.92, 0),
(79, '2023-05-08', 'Alarma_Falsa', 1, 524, 2, "Sensor defectuoso activó alarma sin causa real", 0, 9548.32, 1),
(80, '2022-11-07', 'Alarma_Falsa', 1, 447, 1, "Sensor defectuoso activó alarma sin causa real", 0, 11838.65, 1);

-- ================================================================
-- MANTENIMIENTOS (120 registros)
-- ================================================================
INSERT INTO mantenimientos (fecha, tipo, descripcion, costo, id_reactor, id_empleado, duracion_horas, resultado) VALUES
('2023-09-22', 'Correctivo', "Corrección fuga en tubería secundaria", 92388.96, 3, 6, 8, 'Exitoso'),
('2021-10-30', 'Emergencia', "Estabilización post-incidente", 274333.65, 3, 18, 72, 'Exitoso'),
('2023-06-14', 'Preventivo', "Inspección anual completa del reactor", 15551.21, 1, 8, 24, 'Exitoso'),
('2022-08-10', 'Preventivo', "Revisión trimestral de válvulas y tuberías", 21713.12, 2, 12, 12, 'Exitoso'),
('2022-11-21', 'Preventivo', "Mantenimiento sistema HVAC", 31025.24, 3, 12, 12, 'Exitoso'),
('2024-07-09', 'Correctivo', "Reparación bomba circulación tras falla", 100934.46, 3, 8, 8, 'Exitoso'),
('2022-07-21', 'Preventivo', "Reemplazo filtros sistema de ventilación", 59116.48, 1, 6, 36, 'Exitoso'),
('2020-10-29', 'Preventivo', "Reemplazo filtros sistema de ventilación", 44509.03, 3, 8, 24, 'Exitoso'),
('2020-04-12', 'Correctivo', "Reparación bomba circulación tras falla", 96734.14, 1, 18, 8, 'Exitoso'),
('2024-03-26', 'Preventivo', "Calibración de sensores de temperatura", 30105.40, 5, 12, 24, 'Exitoso'),
('2020-11-21', 'Correctivo', "Corrección fuga en tubería secundaria", 108662.13, 3, 18, 24, 'Parcial'),
('2023-07-07', 'Correctivo', "Corrección sobrecalentamiento", 93936.56, 2, 18, 48, 'Exitoso'),
('2020-10-10', 'Preventivo', "Revisión del sistema SCRAM", 17897.15, 2, 6, 16, 'Exitoso'),
('2023-01-16', 'Preventivo', "Inspección anual completa del reactor", 43853.05, 2, 12, 8, 'Exitoso'),
('2024-10-20', 'Preventivo', "Prueba de integridad del contenedor", 26421.22, 1, 6, 36, 'Exitoso'),
('2024-10-13', 'Correctivo', "Reparación sistema de enfriamiento", 15619.09, 3, 18, 24, 'Exitoso'),
('2022-09-26', 'Correctivo', "Sustitución sensor defectuoso", 93489.15, 4, 8, 48, 'Parcial'),
('2020-09-18', 'Preventivo', "Revisión trimestral de válvulas y tuberías", 26387.15, 2, 18, 24, 'Exitoso'),
('2020-10-04', 'Emergencia', "Sellado de fuga radiactiva de emergencia", 239811.05, 2, 18, 24, 'Exitoso'),
('2024-04-07', 'Correctivo', "Corrección sobrecalentamiento", 54805.91, 1, 12, 8, 'Exitoso'),
('2021-12-17', 'Correctivo', "Reparación sistema de enfriamiento", 41488.51, 1, 6, 8, 'Exitoso'),
('2023-06-26', 'Preventivo', "Revisión trimestral de válvulas y tuberías", 46482.83, 1, 6, 12, 'Exitoso'),
('2024-04-19', 'Preventivo', "Calibración de sensores de temperatura", 36018.33, 1, 12, 12, 'Exitoso'),
('2023-03-31', 'Preventivo', "Calibración de sensores de temperatura", 47778.55, 3, 6, 12, 'Parcial'),
('2020-07-27', 'Preventivo', "Prueba de integridad del contenedor", 26815.99, 2, 8, 12, 'Exitoso'),
('2021-12-12', 'Correctivo', "Corrección fuga en tubería secundaria", 78043.22, 2, 6, 8, 'Parcial'),
('2024-08-11', 'Preventivo', "Calibración de sensores de temperatura", 32827.84, 3, 18, 16, 'Exitoso'),
('2020-12-26', 'Preventivo', "Limpieza de circuitos de refrigeración", 39957.18, 2, 18, 24, 'Exitoso'),
('2022-06-11', 'Correctivo', "Corrección sobrecalentamiento", 79670.80, 5, 18, 48, 'Parcial'),
('2021-05-14', 'Correctivo', "Corrección sobrecalentamiento", 104429.88, 3, 18, 8, 'Exitoso'),
('2021-01-07', 'Correctivo', "Corrección fuga en tubería secundaria", 54793.88, 3, 12, 8, 'Exitoso'),
('2023-02-12', 'Preventivo', "Revisión del sistema SCRAM", 23718.64, 2, 12, 36, 'Exitoso'),
('2023-11-15', 'Preventivo', "Calibración de sensores de temperatura", 18274.58, 5, 8, 24, 'Exitoso'),
('2023-11-17', 'Preventivo', "Revisión semestral barras de control", 48611.31, 3, 18, 8, 'Exitoso'),
('2021-12-21', 'Preventivo', "Limpieza de circuitos de refrigeración", 31029.33, 3, 12, 36, 'Exitoso'),
('2024-03-01', 'Correctivo', "Corrección sobrecalentamiento", 39206.49, 1, 6, 48, 'Exitoso'),
('2020-07-24', 'Preventivo', "Inspección anual completa del reactor", 15534.75, 4, 12, 24, 'Exitoso'),
('2021-07-15', 'Correctivo', "Corrección sobrecalentamiento", 33841.36, 1, 8, 8, 'Exitoso'),
('2020-07-29', 'Preventivo', "Revisión del sistema SCRAM", 43357.96, 1, 18, 12, 'Exitoso'),
('2021-06-01', 'Correctivo', "Reparación sistema de enfriamiento", 65264.99, 3, 6, 24, 'Exitoso'),
('2020-11-06', 'Emergencia', "Estabilización post-incidente", 188191.01, 2, 6, 24, 'Exitoso'),
('2023-05-26', 'Preventivo', "Revisión del sistema SCRAM", 9684.95, 3, 18, 12, 'Exitoso'),
('2021-09-17', 'Preventivo', "Mantenimiento sistema HVAC", 25920.79, 3, 18, 24, 'Exitoso'),
('2023-09-14', 'Preventivo', "Calibración de sensores de temperatura", 57117.46, 1, 12, 12, 'Exitoso'),
('2021-08-19', 'Preventivo', "Mantenimiento sistema HVAC", 9128.57, 1, 18, 8, 'Exitoso'),
('2021-06-25', 'Preventivo', "Revisión del sistema SCRAM", 43664.32, 1, 8, 24, 'Exitoso'),
('2023-08-19', 'Correctivo', "Corrección fuga en tubería secundaria", 99410.10, 3, 8, 8, 'Exitoso'),
('2022-06-18', 'Preventivo', "Inspección anual completa del reactor", 8927.54, 1, 12, 12, 'Exitoso'),
('2020-06-13', 'Preventivo', "Prueba de integridad del contenedor", 56847.19, 3, 18, 36, 'Exitoso'),
('2024-04-15', 'Preventivo', "Limpieza de circuitos de refrigeración", 38204.25, 4, 6, 8, 'Exitoso'),
('2021-07-23', 'Correctivo', "Reparación bomba circulación tras falla", 95126.45, 1, 18, 8, 'Exitoso'),
('2021-10-19', 'Preventivo', "Revisión semestral barras de control", 58298.04, 3, 12, 24, 'Exitoso'),
('2024-07-24', 'Correctivo', "Corrección sobrecalentamiento", 58222.73, 4, 18, 24, 'Exitoso'),
('2024-11-06', 'Correctivo', "Reparación bomba circulación tras falla", 48024.30, 1, 18, 24, 'Exitoso'),
('2023-06-29', 'Preventivo', "Mantenimiento sistema HVAC", 30408.70, 5, 12, 8, 'Exitoso'),
('2022-06-16', 'Correctivo', "Reparación bomba circulación tras falla", 36373.62, 3, 12, 48, 'Exitoso'),
('2021-09-28', 'Correctivo', "Reparación bomba circulación tras falla", 117180.42, 2, 8, 48, 'Parcial'),
('2023-08-19', 'Preventivo', "Calibración de sensores de temperatura", 17358.54, 3, 6, 8, 'Exitoso'),
('2022-08-25', 'Correctivo', "Corrección fuga en tubería secundaria", 45645.46, 2, 18, 48, 'Exitoso'),
('2024-11-04', 'Preventivo', "Prueba de integridad del contenedor", 15483.57, 3, 8, 36, 'Exitoso'),
('2021-08-02', 'Preventivo', "Prueba de integridad del contenedor", 23693.14, 4, 6, 36, 'Exitoso'),
('2023-01-08', 'Correctivo', "Sustitución sensor defectuoso", 119884.74, 4, 18, 24, 'Parcial'),
('2023-03-17', 'Preventivo', "Mantenimiento sistema HVAC", 25746.55, 2, 8, 16, 'Exitoso'),
('2022-03-01', 'Preventivo', "Prueba de integridad del contenedor", 7400.60, 4, 18, 24, 'Exitoso'),
('2024-11-16', 'Emergencia', "Reparación urgente sistema de contención", 213738.74, 4, 12, 24, 'Exitoso'),
('2022-04-19', 'Preventivo', "Calibración de sensores de temperatura", 33927.31, 4, 8, 24, 'Exitoso'),
('2023-08-23', 'Correctivo', "Reparación bomba circulación tras falla", 64296.51, 5, 18, 24, 'Exitoso'),
('2024-11-21', 'Preventivo', "Mantenimiento sistema HVAC", 25900.52, 2, 18, 16, 'Exitoso'),
('2022-06-07', 'Preventivo', "Reemplazo filtros sistema de ventilación", 39713.86, 3, 6, 16, 'Parcial'),
('2021-10-26', 'Emergencia', "Estabilización post-incidente", 199793.21, 4, 6, 72, 'Fallido'),
('2020-12-14', 'Correctivo', "Corrección sobrecalentamiento", 60222.11, 1, 8, 8, 'Exitoso'),
('2021-04-20', 'Preventivo', "Prueba de integridad del contenedor", 39084.07, 3, 8, 12, 'Exitoso'),
('2020-05-31', 'Preventivo', "Revisión del sistema SCRAM", 41676.24, 1, 8, 24, 'Exitoso'),
('2024-09-27', 'Preventivo', "Revisión del sistema SCRAM", 40141.63, 2, 18, 24, 'Exitoso'),
('2023-12-03', 'Preventivo', "Revisión semestral barras de control", 10865.93, 5, 12, 24, 'Exitoso'),
('2023-05-26', 'Preventivo', "Prueba de integridad del contenedor", 20096.42, 5, 6, 36, 'Exitoso'),
('2021-03-24', 'Correctivo', "Corrección sobrecalentamiento", 96452.80, 4, 12, 8, 'Exitoso'),
('2023-07-10', 'Correctivo', "Corrección fuga en tubería secundaria", 94335.62, 3, 8, 48, 'Exitoso'),
('2024-02-08', 'Preventivo', "Revisión trimestral de válvulas y tuberías", 21991.31, 3, 12, 24, 'Exitoso'),
('2022-12-23', 'Preventivo', "Limpieza de circuitos de refrigeración", 46111.45, 5, 12, 12, 'Exitoso'),
('2024-03-08', 'Preventivo', "Inspección anual completa del reactor", 19133.35, 1, 12, 24, 'Parcial'),
('2024-10-27', 'Correctivo', "Reparación sistema de enfriamiento", 116103.80, 4, 8, 8, 'Parcial'),
('2020-01-29', 'Correctivo', "Reparación sistema de enfriamiento", 116563.32, 3, 18, 48, 'Exitoso'),
('2020-08-09', 'Preventivo', "Limpieza de circuitos de refrigeración", 42005.56, 1, 12, 16, 'Exitoso'),
('2023-08-19', 'Correctivo', "Sustitución sensor defectuoso", 107844.66, 2, 8, 48, 'Exitoso'),
('2021-09-15', 'Preventivo', "Revisión del sistema SCRAM", 40708.17, 4, 6, 8, 'Exitoso'),
('2023-10-05', 'Emergencia', "Reparación urgente sistema de contención", 319560.01, 1, 12, 48, 'Exitoso'),
('2024-09-03', 'Emergencia', "Restablecimiento sistema de refrigeración primaria", 193164.22, 3, 6, 48, 'Parcial'),
('2021-04-28', 'Preventivo', "Revisión del sistema SCRAM", 6799.40, 2, 18, 16, 'Exitoso'),
('2021-07-19', 'Correctivo', "Corrección fuga en tubería secundaria", 53570.17, 1, 18, 48, 'Exitoso'),
('2020-04-13', 'Preventivo', "Revisión semestral barras de control", 10042.04, 1, 6, 12, 'Exitoso'),
('2023-04-15', 'Correctivo', "Sustitución válvula de control de presión", 97632.70, 1, 8, 8, 'Exitoso'),
('2020-09-23', 'Preventivo', "Limpieza de circuitos de refrigeración", 47590.27, 4, 8, 36, 'Exitoso'),
('2024-06-05', 'Preventivo', "Calibración de sensores de temperatura", 41358.17, 4, 12, 8, 'Exitoso'),
('2022-12-13', 'Correctivo', "Reparación bomba circulación tras falla", 33295.85, 3, 18, 8, 'Exitoso'),
('2022-10-28', 'Preventivo', "Revisión semestral barras de control", 47790.94, 1, 18, 36, 'Exitoso'),
('2024-10-01', 'Preventivo', "Mantenimiento sistema HVAC", 21589.67, 3, 18, 8, 'Exitoso'),
('2021-10-21', 'Preventivo', "Revisión semestral barras de control", 44182.07, 3, 6, 24, 'Exitoso'),
('2022-02-19', 'Correctivo', "Corrección sobrecalentamiento", 80553.34, 1, 12, 48, 'Exitoso'),
('2024-10-12', 'Emergencia', "Sellado de fuga radiactiva de emergencia", 216498.79, 2, 6, 96, 'Exitoso'),
('2022-04-27', 'Correctivo', "Sustitución sensor defectuoso", 90688.19, 4, 8, 8, 'Exitoso'),
('2022-02-05', 'Preventivo', "Prueba de integridad del contenedor", 45128.69, 2, 12, 16, 'Exitoso'),
('2024-03-04', 'Emergencia', "Sellado de fuga radiactiva de emergencia", 98125.99, 3, 6, 24, 'Exitoso'),
('2022-04-21', 'Correctivo', "Sustitución sensor defectuoso", 21298.00, 4, 6, 48, 'Exitoso'),
('2021-12-21', 'Preventivo', "Prueba de integridad del contenedor", 52745.07, 3, 12, 8, 'Parcial'),
('2024-09-27', 'Preventivo', "Inspección anual completa del reactor", 41120.50, 2, 12, 12, 'Exitoso'),
('2023-06-01', 'Preventivo', "Revisión del sistema SCRAM", 36575.50, 1, 6, 24, 'Exitoso'),
('2021-11-26', 'Emergencia', "Intervención de emergencia en núcleo", 87817.36, 4, 12, 72, 'Parcial'),
('2020-07-06', 'Preventivo', "Inspección anual completa del reactor", 36147.66, 1, 6, 24, 'Exitoso'),
('2024-05-09', 'Correctivo', "Reparación sistema de enfriamiento", 62632.81, 1, 12, 8, 'Exitoso'),
('2022-06-26', 'Emergencia', "Estabilización post-incidente", 122006.57, 3, 12, 24, 'Parcial'),
('2021-12-07', 'Correctivo', "Reparación sistema de enfriamiento", 58489.29, 2, 6, 8, 'Parcial'),
('2023-05-12', 'Preventivo', "Revisión semestral barras de control", 33981.38, 1, 18, 16, 'Exitoso'),
('2020-01-16', 'Preventivo', "Reemplazo filtros sistema de ventilación", 47204.22, 1, 6, 16, 'Exitoso'),
('2020-05-27', 'Preventivo', "Inspección anual completa del reactor", 25911.41, 2, 12, 12, 'Exitoso'),
('2023-03-20', 'Preventivo', "Prueba de integridad del contenedor", 6030.78, 3, 18, 8, 'Exitoso'),
('2024-06-29', 'Preventivo', "Revisión del sistema SCRAM", 11334.54, 3, 8, 8, 'Parcial'),
('2022-12-09', 'Emergencia', "Intervención de emergencia en núcleo", 103795.07, 2, 18, 24, 'Exitoso'),
('2022-12-22', 'Preventivo', "Limpieza de circuitos de refrigeración", 17186.46, 4, 6, 12, 'Exitoso'),
('2021-06-08', 'Preventivo', "Limpieza de circuitos de refrigeración", 24310.49, 5, 8, 12, 'Exitoso');

-- ================================================================
-- SANCIONES (60 registros)
-- ================================================================
INSERT INTO sanciones (fecha, tipo, descripcion, monto_usd, organismo, id_incidente, id_reactor, estado, fecha_limite) VALUES
('2023-02-28', 'Multa', "Fallo en prueba de sistema SCRAM", 42299.87, 'OSHA', 42, 4, 'Cancelada', '2023-08-25'),
('2021-10-09', 'Multa', "Documentación de seguridad incompleta", 323280.96, 'FEMA', NULL, 2, 'Cancelada', '2021-12-16'),
('2021-09-27', 'Multa', "Fallo en prueba de sistema SCRAM", 154896.12, 'EPA', 46, 1, 'Pendiente', '2022-02-22'),
('2022-11-04', 'Multa', "Plan de evacuación desactualizado", 42981.85, 'NRC', 56, 4, 'Apelada', '2023-03-12'),
('2021-10-20', 'Multa', "Mantenimiento no realizado en fecha prevista", 448459.00, 'EPA', 59, 4, 'Pagada', '2022-03-20'),
('2022-10-30', 'Advertencia', "Exceso de límite de radiación en empleado", 3484.05, 'FEMA', 65, 2, 'Apelada', '2023-01-12'),
('2022-03-04', 'Multa', "Exceso de límite de radiación en empleado", 264413.93, 'OSHA', NULL, 2, 'Pagada', '2022-07-16'),
('2023-10-21', 'Advertencia', "Violación protocolo de reporte en 24 horas", 19941.45, 'OSHA', 9, 1, 'Pagada', '2024-02-26'),
('2023-09-21', 'Multa', "Fallo en prueba de sistema SCRAM", 482382.96, 'OSHA', 8, 1, 'Pagada', '2023-11-26'),
('2021-09-26', 'Suspension', "Fallo en prueba de sistema SCRAM", 110802.40, 'NRC', NULL, 3, 'Pagada', '2022-03-18'),
('2022-12-14', 'Multa', "Sensor de radiación sin calibración", 336707.62, 'OSHA', 62, 4, 'Apelada', '2023-02-05'),
('2024-04-18', 'Advertencia', "Falta de equipo de protección en zona caliente", 1437.53, 'EPA', 31, NULL, 'Pagada', '2024-09-19'),
('2024-09-06', 'Multa', "Sensor de radiación sin calibración", 43196.72, 'FEMA', 70, 1, 'Apelada', '2025-02-17'),
('2024-04-28', 'Multa', "Documentación de seguridad incompleta", 69869.28, 'NRC', 75, 1, 'Pagada', '2024-07-09'),
('2024-03-13', 'Advertencia', "Falta de equipo de protección en zona caliente", 17232.71, 'NRC', 26, 2, 'Pendiente', '2024-08-04'),
('2022-06-21', 'Multa', "Exceso de límite de radiación en empleado", 452467.30, 'NRC', 52, 4, 'Pendiente', '2022-11-16'),
('2020-10-10', 'Advertencia', "Almacenamiento inadecuado de residuos", 13659.03, 'OSHA', 73, 4, 'Cancelada', '2021-01-12'),
('2021-08-06', 'Multa', "Falta de equipo de protección en zona caliente", 279497.67, 'EPA', 77, 4, 'Pendiente', '2021-09-26'),
('2022-07-12', 'Advertencia', "Almacenamiento inadecuado de residuos", 4536.37, 'NRC', 20, NULL, 'Pagada', '2022-11-08'),
('2020-02-27', 'Suspension', "Incidente no reportado a tiempo", 85260.92, 'EPA', 34, NULL, 'Pendiente', '2020-06-17'),
('2022-08-25', 'Suspension', "Fallo en prueba de sistema SCRAM", 63587.75, 'DOE', NULL, 1, 'Pendiente', '2022-10-29'),
('2023-01-28', 'Advertencia', "Documentación de seguridad incompleta", 1126.03, 'EPA', 76, 2, 'Pendiente', '2023-07-12'),
('2022-07-25', 'Multa', "Vertimiento sin tratamiento previo", 154069.84, 'OSHA', 72, 2, 'Pendiente', '2022-09-09'),
('2021-08-19', 'Multa', "Documentación de seguridad incompleta", 270346.62, 'FEMA', 65, 3, 'Pagada', '2022-01-05'),
('2020-05-18', 'Multa', "Documentación de seguridad incompleta", 211200.96, 'NRC', NULL, 1, 'Pagada', '2020-10-29'),
('2022-02-03', 'Advertencia', "Almacenamiento inadecuado de residuos", 14299.65, 'OSHA', 58, 3, 'Pagada', '2022-05-08'),
('2024-02-14', 'Advertencia', "Operación sin licencia vigente de personal", 9275.26, 'NRC', 70, 4, 'Pagada', '2024-06-08'),
('2023-11-25', 'Multa', "Falta de equipo de protección en zona caliente", 407686.89, 'NRC', 42, 4, 'Pendiente', '2024-04-25'),
('2024-06-08', 'Advertencia', "Operación sin licencia vigente de personal", 18185.08, 'DOE', 19, 1, 'Apelada', '2024-08-28'),
('2024-03-22', 'Suspension', "Plan de evacuación desactualizado", 86999.87, 'NRC', 23, 3, 'Cancelada', '2024-06-08'),
('2024-12-26', 'Multa', "Violación protocolo de reporte en 24 horas", 433570.15, 'DOE', 34, 1, 'Pagada', '2025-05-07'),
('2024-06-20', 'Advertencia', "Incidente no reportado a tiempo", 9136.88, 'DOE', 34, 4, 'Pendiente', '2024-11-29'),
('2021-10-19', 'Multa', "Incidente no reportado a tiempo", 44068.87, 'NRC', 50, 4, 'Pagada', '2021-12-14'),
('2022-07-04', 'Multa', "Plan de evacuación desactualizado", 225728.30, 'OSHA', 40, 1, 'Pagada', '2022-08-13'),
('2020-06-02', 'Advertencia', "Documentación de seguridad incompleta", 24955.61, 'FEMA', NULL, NULL, 'Pendiente', '2020-10-13'),
('2022-06-16', 'Multa', "Fallo en prueba de sistema SCRAM", 84193.43, 'DOE', 62, 4, 'Pendiente', '2022-07-24'),
('2023-10-22', 'Multa', "Fallo en prueba de sistema SCRAM", 186332.59, 'NRC', 55, 3, 'Pagada', '2024-03-15'),
('2021-05-26', 'Suspension', "Operación sin licencia vigente de personal", 94609.83, 'NRC', 59, 2, 'Pagada', '2021-07-24'),
('2022-07-02', 'Multa', "Almacenamiento inadecuado de residuos", 196558.75, 'NRC', 24, 2, 'Pagada', '2022-09-24'),
('2020-12-19', 'Clausura_Parcial', "Exceso de límite de radiación en empleado", 0.00, 'NRC', 7, 1, 'Pendiente', '2021-05-11'),
('2021-08-17', 'Clausura_Parcial', "Falta de equipo de protección en zona caliente", 0.00, 'DOE', 50, 4, 'Pagada', '2021-12-01'),
('2021-02-15', 'Suspension', "Mantenimiento no realizado en fecha prevista", 102901.00, 'OSHA', 11, 3, 'Pagada', '2021-04-21'),
('2023-06-07', 'Multa', "Falta de equipo de protección en zona caliente", 279240.61, 'EPA', 50, 4, 'Pagada', '2023-07-29'),
('2020-05-31', 'Multa', "Mantenimiento no realizado en fecha prevista", 360840.48, 'NRC', 75, 4, 'Pagada', '2020-08-01'),
('2024-08-24', 'Clausura_Parcial', "Exceso de límite de radiación en empleado", 0.00, 'OSHA', 12, 3, 'Pagada', '2025-02-11'),
('2020-11-09', 'Advertencia', "Sensor de radiación sin calibración", 11382.84, 'NRC', 12, 1, 'Apelada', '2021-02-24'),
('2020-06-10', 'Multa', "Mantenimiento no realizado en fecha prevista", 116607.79, 'NRC', 26, 3, 'Apelada', '2020-09-12'),
('2020-12-11', 'Multa', "Plan de evacuación desactualizado", 66959.30, 'FEMA', 46, 3, 'Pagada', '2021-06-07'),
('2024-11-04', 'Multa', "Mantenimiento no realizado en fecha prevista", 451490.44, 'OSHA', 4, NULL, 'Pagada', '2024-12-11'),
('2020-03-03', 'Multa', "Documentación de seguridad incompleta", 136004.67, 'FEMA', 56, 3, 'Pendiente', '2020-08-07'),
('2021-09-01', 'Suspension', "Fallo en prueba de sistema SCRAM", 144364.52, 'EPA', 62, 4, 'Pagada', '2022-01-25'),
('2024-10-30', 'Multa', "Exceso de límite de radiación en empleado", 210732.76, 'NRC', 13, 2, 'Pagada', '2025-02-18'),
('2022-08-13', 'Advertencia', "Incidente no reportado a tiempo", 4138.39, 'DOE', 29, 3, 'Pagada', '2022-10-13'),
('2024-11-07', 'Multa', "Operación sin licencia vigente de personal", 30049.62, 'NRC', 38, 4, 'Apelada', '2025-01-16'),
('2022-10-18', 'Suspension', "Mantenimiento no realizado en fecha prevista", 60652.94, 'FEMA', 47, 3, 'Pagada', '2023-02-03'),
('2020-04-13', 'Multa', "Incidente no reportado a tiempo", 255195.01, 'NRC', 32, 1, 'Cancelada', '2020-07-24'),
('2020-10-01', 'Multa', "Fallo en prueba de sistema SCRAM", 337897.70, 'DOE', 10, 1, 'Pendiente', '2021-01-06'),
('2021-08-14', 'Advertencia', "Falta de equipo de protección en zona caliente", 2085.82, 'OSHA', 33, 3, 'Pendiente', '2021-10-01'),
('2020-07-17', 'Multa', "Almacenamiento inadecuado de residuos", 143461.74, 'EPA', 11, 4, 'Cancelada', '2020-11-24'),
('2022-10-21', 'Multa', "Almacenamiento inadecuado de residuos", 469779.54, 'FEMA', 46, 1, 'Pagada', '2022-11-30');

-- ================================================================
-- EMPLEADO_TURNO (500 registros)
-- ================================================================
INSERT INTO empleado_turno (id_turno, id_empleado, horas_trabajadas, puntualidad) VALUES
(47, 17, 6.0, 'A tiempo'),
(47, 14, 8.0, 'A tiempo'),
(47, 3, 6.0, 'A tiempo'),
(40, 14, 6.0, 'A tiempo'),
(40, 4, 8.0, 'Tardanza'),
(40, 17, 4.0, 'A tiempo'),
(141, 16, 6.0, 'A tiempo'),
(731, 9, 8.0, 'A tiempo'),
(731, 3, 4.0, 'A tiempo'),
(731, 17, 6.0, 'A tiempo'),
(342, 16, 4.0, 'A tiempo'),
(342, 3, 8.0, 'A tiempo'),
(486, 3, 8.0, 'A tiempo'),
(486, 17, 6.0, 'Ausente'),
(486, 9, 8.0, 'Ausente'),
(532, 3, 4.0, 'A tiempo'),
(532, 5, 8.0, 'A tiempo'),
(468, 16, 4.0, 'A tiempo'),
(468, 9, 4.0, 'A tiempo'),
(468, 5, 6.0, 'A tiempo'),
(153, 3, 6.0, 'A tiempo'),
(153, 4, 8.0, 'A tiempo'),
(621, 17, 8.0, 'A tiempo'),
(528, 9, 6.0, 'A tiempo'),
(528, 16, 4.0, 'A tiempo'),
(144, 9, 8.0, 'A tiempo'),
(336, 16, 8.0, 'A tiempo'),
(628, 9, 8.0, 'A tiempo'),
(628, 14, 8.0, 'A tiempo'),
(628, 3, 4.0, 'A tiempo'),
(327, 17, 8.0, 'A tiempo'),
(327, 3, 8.0, 'A tiempo'),
(327, 4, 8.0, 'A tiempo'),
(167, 4, 6.0, 'A tiempo'),
(167, 16, 6.0, 'A tiempo'),
(403, 4, 8.0, 'Ausente'),
(403, 5, 6.0, 'A tiempo'),
(632, 5, 6.0, 'Tardanza'),
(632, 3, 8.0, 'A tiempo'),
(758, 14, 8.0, 'Ausente'),
(758, 9, 4.0, 'A tiempo'),
(307, 16, 4.0, 'A tiempo'),
(307, 9, 4.0, 'A tiempo'),
(608, 9, 8.0, 'Tardanza'),
(608, 4, 8.0, 'A tiempo'),
(608, 16, 8.0, 'A tiempo'),
(345, 14, 8.0, 'A tiempo'),
(345, 17, 8.0, 'A tiempo'),
(520, 3, 8.0, 'A tiempo'),
(520, 9, 8.0, 'A tiempo'),
(520, 5, 4.0, 'A tiempo'),
(522, 3, 6.0, 'A tiempo'),
(522, 17, 6.0, 'A tiempo'),
(522, 4, 8.0, 'Tardanza'),
(546, 5, 8.0, 'Tardanza'),
(546, 3, 8.0, 'A tiempo'),
(502, 4, 6.0, 'A tiempo'),
(502, 16, 4.0, 'Tardanza'),
(726, 5, 4.0, 'A tiempo'),
(726, 17, 8.0, 'A tiempo'),
(726, 9, 8.0, 'A tiempo'),
(577, 9, 4.0, 'A tiempo'),
(577, 3, 8.0, 'Tardanza'),
(764, 5, 8.0, 'A tiempo'),
(764, 9, 8.0, 'A tiempo'),
(487, 5, 6.0, 'Tardanza'),
(18, 16, 8.0, 'A tiempo'),
(18, 9, 8.0, 'A tiempo'),
(18, 5, 8.0, 'A tiempo'),
(378, 16, 4.0, 'Ausente'),
(378, 5, 4.0, 'A tiempo'),
(378, 17, 8.0, 'A tiempo'),
(340, 14, 6.0, 'Ausente'),
(340, 9, 8.0, 'A tiempo'),
(340, 4, 8.0, 'Tardanza'),
(690, 3, 8.0, 'A tiempo'),
(690, 17, 8.0, 'A tiempo'),
(690, 9, 8.0, 'A tiempo'),
(113, 9, 6.0, 'A tiempo'),
(113, 5, 6.0, 'Tardanza'),
(113, 3, 4.0, 'A tiempo'),
(427, 14, 8.0, 'A tiempo'),
(427, 9, 8.0, 'A tiempo'),
(427, 3, 8.0, 'A tiempo'),
(598, 16, 8.0, 'Tardanza'),
(598, 9, 6.0, 'A tiempo'),
(598, 4, 8.0, 'A tiempo'),
(316, 17, 8.0, 'A tiempo'),
(316, 5, 8.0, 'A tiempo'),
(743, 9, 8.0, 'Ausente'),
(743, 14, 8.0, 'A tiempo'),
(705, 16, 8.0, 'A tiempo'),
(645, 9, 4.0, 'A tiempo'),
(645, 14, 8.0, 'A tiempo'),
(28, 9, 4.0, 'A tiempo'),
(612, 14, 6.0, 'Tardanza'),
(612, 3, 8.0, 'A tiempo'),
(778, 14, 8.0, 'Tardanza'),
(778, 9, 8.0, 'Tardanza'),
(778, 5, 6.0, 'A tiempo'),
(272, 17, 8.0, 'A tiempo'),
(672, 14, 8.0, 'A tiempo'),
(593, 17, 8.0, 'A tiempo'),
(593, 9, 8.0, 'A tiempo'),
(593, 3, 4.0, 'A tiempo'),
(592, 5, 8.0, 'A tiempo'),
(592, 9, 8.0, 'A tiempo'),
(592, 4, 4.0, 'A tiempo'),
(234, 5, 6.0, 'A tiempo'),
(53, 9, 8.0, 'A tiempo'),
(53, 5, 4.0, 'A tiempo'),
(53, 3, 8.0, 'A tiempo'),
(747, 9, 6.0, 'A tiempo'),
(747, 4, 8.0, 'A tiempo'),
(492, 17, 8.0, 'A tiempo'),
(492, 4, 8.0, 'A tiempo'),
(175, 4, 8.0, 'A tiempo'),
(175, 16, 8.0, 'A tiempo'),
(175, 9, 8.0, 'A tiempo'),
(537, 3, 8.0, 'A tiempo'),
(537, 4, 4.0, 'A tiempo'),
(745, 9, 8.0, 'A tiempo'),
(745, 3, 8.0, 'A tiempo'),
(745, 16, 8.0, 'Tardanza'),
(635, 5, 4.0, 'A tiempo'),
(390, 16, 6.0, 'Tardanza'),
(152, 14, 6.0, 'A tiempo'),
(698, 4, 8.0, 'A tiempo'),
(698, 17, 4.0, 'A tiempo'),
(249, 9, 8.0, 'A tiempo'),
(33, 17, 8.0, 'A tiempo'),
(33, 3, 8.0, 'A tiempo'),
(587, 14, 8.0, 'A tiempo'),
(587, 17, 8.0, 'A tiempo'),
(718, 5, 4.0, 'A tiempo'),
(718, 14, 8.0, 'A tiempo'),
(749, 17, 6.0, 'A tiempo'),
(749, 16, 8.0, 'A tiempo'),
(196, 4, 8.0, 'Ausente'),
(196, 9, 8.0, 'A tiempo'),
(196, 5, 4.0, 'Ausente'),
(20, 5, 4.0, 'A tiempo'),
(452, 5, 6.0, 'A tiempo'),
(452, 3, 6.0, 'A tiempo'),
(322, 3, 8.0, 'A tiempo'),
(322, 16, 8.0, 'A tiempo'),
(322, 9, 8.0, 'A tiempo'),
(429, 16, 8.0, 'A tiempo'),
(429, 9, 8.0, 'A tiempo'),
(156, 16, 4.0, 'A tiempo'),
(423, 9, 6.0, 'A tiempo'),
(708, 14, 4.0, 'A tiempo'),
(708, 17, 8.0, 'A tiempo'),
(209, 14, 8.0, 'A tiempo'),
(209, 16, 8.0, 'A tiempo'),
(209, 3, 6.0, 'A tiempo'),
(421, 16, 8.0, 'Ausente'),
(421, 17, 4.0, 'A tiempo'),
(421, 9, 8.0, 'A tiempo'),
(514, 16, 6.0, 'A tiempo'),
(514, 14, 8.0, 'A tiempo'),
(514, 17, 4.0, 'A tiempo'),
(627, 14, 8.0, 'A tiempo'),
(627, 16, 8.0, 'A tiempo'),
(627, 17, 8.0, 'A tiempo'),
(483, 3, 8.0, 'A tiempo'),
(64, 9, 6.0, 'A tiempo'),
(64, 4, 4.0, 'A tiempo'),
(142, 16, 8.0, 'A tiempo'),
(142, 9, 8.0, 'A tiempo'),
(142, 5, 8.0, 'A tiempo'),
(777, 17, 6.0, 'A tiempo'),
(777, 4, 8.0, 'A tiempo'),
(777, 16, 4.0, 'Ausente'),
(213, 17, 4.0, 'A tiempo'),
(575, 16, 4.0, 'A tiempo'),
(333, 14, 6.0, 'A tiempo'),
(333, 4, 8.0, 'A tiempo'),
(333, 9, 8.0, 'A tiempo'),
(679, 17, 8.0, 'A tiempo'),
(679, 3, 6.0, 'A tiempo'),
(679, 14, 8.0, 'A tiempo'),
(490, 5, 4.0, 'A tiempo'),
(539, 5, 6.0, 'A tiempo'),
(539, 14, 8.0, 'A tiempo'),
(539, 9, 4.0, 'A tiempo'),
(386, 16, 6.0, 'A tiempo'),
(386, 5, 8.0, 'A tiempo'),
(386, 14, 8.0, 'A tiempo'),
(716, 5, 8.0, 'A tiempo'),
(178, 14, 6.0, 'A tiempo'),
(178, 4, 8.0, 'A tiempo'),
(471, 16, 6.0, 'A tiempo'),
(471, 17, 8.0, 'A tiempo'),
(471, 4, 8.0, 'A tiempo'),
(759, 3, 4.0, 'A tiempo'),
(759, 5, 4.0, 'Ausente'),
(759, 17, 6.0, 'A tiempo'),
(351, 16, 4.0, 'A tiempo'),
(351, 9, 4.0, 'A tiempo'),
(560, 14, 8.0, 'A tiempo'),
(363, 5, 8.0, 'A tiempo'),
(659, 5, 6.0, 'A tiempo'),
(659, 4, 4.0, 'A tiempo'),
(659, 9, 8.0, 'A tiempo'),
(271, 17, 8.0, 'A tiempo'),
(271, 14, 8.0, 'A tiempo'),
(625, 14, 4.0, 'A tiempo'),
(625, 4, 8.0, 'A tiempo'),
(496, 9, 8.0, 'A tiempo'),
(197, 9, 8.0, 'A tiempo'),
(253, 4, 6.0, 'A tiempo'),
(286, 14, 8.0, 'A tiempo'),
(286, 16, 8.0, 'A tiempo'),
(286, 9, 8.0, 'A tiempo'),
(572, 5, 8.0, 'A tiempo'),
(572, 14, 8.0, 'A tiempo'),
(572, 16, 8.0, 'Ausente'),
(306, 16, 4.0, 'Tardanza'),
(306, 3, 8.0, 'Tardanza'),
(306, 4, 8.0, 'A tiempo'),
(231, 4, 8.0, 'A tiempo'),
(305, 17, 4.0, 'A tiempo'),
(296, 16, 4.0, 'A tiempo'),
(296, 5, 8.0, 'A tiempo'),
(296, 9, 8.0, 'A tiempo'),
(703, 9, 8.0, 'A tiempo'),
(703, 17, 8.0, 'A tiempo'),
(501, 16, 8.0, 'Tardanza'),
(501, 17, 6.0, 'A tiempo'),
(325, 17, 4.0, 'A tiempo'),
(325, 4, 8.0, 'A tiempo'),
(732, 4, 8.0, 'Tardanza'),
(732, 14, 8.0, 'A tiempo'),
(732, 9, 4.0, 'A tiempo'),
(358, 9, 4.0, 'A tiempo'),
(574, 4, 8.0, 'Tardanza'),
(574, 16, 8.0, 'A tiempo'),
(281, 3, 8.0, 'A tiempo'),
(281, 16, 8.0, 'A tiempo'),
(295, 4, 8.0, 'A tiempo'),
(295, 3, 8.0, 'A tiempo'),
(295, 9, 8.0, 'A tiempo'),
(125, 4, 4.0, 'A tiempo'),
(588, 4, 8.0, 'A tiempo'),
(588, 14, 8.0, 'A tiempo'),
(588, 9, 4.0, 'A tiempo'),
(557, 3, 4.0, 'A tiempo'),
(557, 4, 8.0, 'A tiempo'),
(389, 5, 4.0, 'A tiempo'),
(389, 4, 8.0, 'A tiempo'),
(405, 4, 6.0, 'A tiempo'),
(405, 3, 8.0, 'A tiempo'),
(405, 14, 8.0, 'A tiempo'),
(354, 9, 6.0, 'A tiempo'),
(150, 3, 8.0, 'A tiempo'),
(298, 14, 4.0, 'A tiempo'),
(44, 5, 8.0, 'A tiempo'),
(44, 4, 8.0, 'A tiempo'),
(670, 14, 8.0, 'A tiempo'),
(670, 16, 8.0, 'A tiempo'),
(670, 17, 8.0, 'A tiempo'),
(81, 14, 8.0, 'A tiempo'),
(81, 4, 8.0, 'A tiempo'),
(81, 9, 8.0, 'A tiempo'),
(355, 14, 8.0, 'Ausente'),
(355, 3, 8.0, 'A tiempo'),
(355, 17, 6.0, 'A tiempo'),
(453, 16, 8.0, 'A tiempo'),
(453, 4, 8.0, 'A tiempo'),
(453, 9, 8.0, 'A tiempo'),
(263, 17, 4.0, 'A tiempo'),
(491, 16, 4.0, 'A tiempo'),
(491, 14, 8.0, 'A tiempo'),
(491, 9, 6.0, 'A tiempo'),
(220, 3, 8.0, 'A tiempo'),
(220, 5, 8.0, 'Ausente'),
(207, 14, 8.0, 'A tiempo'),
(552, 17, 8.0, 'A tiempo'),
(552, 16, 8.0, 'A tiempo'),
(552, 3, 8.0, 'Tardanza'),
(278, 9, 6.0, 'A tiempo'),
(576, 16, 8.0, 'A tiempo'),
(576, 17, 8.0, 'A tiempo'),
(279, 9, 8.0, 'A tiempo'),
(781, 5, 8.0, 'A tiempo'),
(781, 4, 8.0, 'A tiempo'),
(781, 17, 8.0, 'A tiempo'),
(112, 5, 4.0, 'A tiempo'),
(631, 5, 6.0, 'A tiempo'),
(601, 9, 8.0, 'A tiempo'),
(601, 14, 6.0, 'A tiempo'),
(246, 5, 8.0, 'Tardanza'),
(724, 16, 6.0, 'A tiempo'),
(724, 3, 8.0, 'A tiempo'),
(724, 4, 4.0, 'A tiempo'),
(52, 4, 8.0, 'A tiempo'),
(544, 16, 8.0, 'A tiempo'),
(544, 17, 4.0, 'Tardanza'),
(544, 9, 8.0, 'A tiempo'),
(232, 14, 8.0, 'A tiempo'),
(239, 3, 6.0, 'Ausente'),
(239, 4, 4.0, 'A tiempo'),
(239, 16, 4.0, 'Tardanza'),
(54, 5, 6.0, 'A tiempo'),
(54, 3, 8.0, 'A tiempo'),
(103, 17, 8.0, 'A tiempo'),
(103, 5, 6.0, 'Ausente'),
(103, 14, 8.0, 'A tiempo'),
(424, 17, 8.0, 'Tardanza'),
(424, 4, 8.0, 'A tiempo'),
(424, 16, 8.0, 'A tiempo'),
(339, 3, 4.0, 'A tiempo'),
(339, 5, 8.0, 'A tiempo'),
(339, 17, 6.0, 'Ausente'),
(484, 9, 8.0, 'A tiempo'),
(484, 3, 8.0, 'A tiempo'),
(637, 17, 6.0, 'A tiempo'),
(648, 9, 8.0, 'A tiempo'),
(648, 16, 6.0, 'A tiempo'),
(6, 3, 6.0, 'A tiempo'),
(6, 14, 8.0, 'A tiempo'),
(564, 17, 4.0, 'A tiempo'),
(564, 5, 8.0, 'A tiempo'),
(162, 4, 8.0, 'A tiempo'),
(162, 3, 6.0, 'A tiempo'),
(417, 4, 4.0, 'A tiempo'),
(488, 3, 8.0, 'Ausente'),
(488, 14, 8.0, 'A tiempo'),
(489, 5, 8.0, 'A tiempo'),
(489, 3, 8.0, 'A tiempo'),
(205, 14, 8.0, 'A tiempo'),
(205, 3, 8.0, 'Ausente'),
(205, 4, 4.0, 'A tiempo'),
(660, 5, 8.0, 'Ausente'),
(660, 17, 4.0, 'A tiempo'),
(660, 4, 6.0, 'A tiempo'),
(329, 3, 8.0, 'A tiempo'),
(329, 4, 8.0, 'A tiempo'),
(293, 5, 8.0, 'A tiempo'),
(293, 16, 8.0, 'Tardanza'),
(61, 3, 8.0, 'A tiempo'),
(92, 9, 8.0, 'A tiempo'),
(92, 4, 4.0, 'A tiempo'),
(92, 3, 6.0, 'A tiempo'),
(668, 9, 4.0, 'A tiempo'),
(668, 17, 8.0, 'A tiempo'),
(668, 3, 8.0, 'A tiempo'),
(238, 4, 6.0, 'A tiempo'),
(238, 3, 8.0, 'A tiempo'),
(548, 9, 4.0, 'A tiempo'),
(548, 14, 8.0, 'A tiempo'),
(39, 4, 6.0, 'A tiempo'),
(39, 16, 6.0, 'A tiempo'),
(180, 17, 8.0, 'A tiempo'),
(180, 16, 4.0, 'A tiempo'),
(428, 14, 8.0, 'A tiempo'),
(428, 5, 8.0, 'A tiempo'),
(428, 9, 8.0, 'Tardanza'),
(181, 3, 6.0, 'A tiempo'),
(181, 9, 6.0, 'Ausente'),
(38, 3, 8.0, 'A tiempo'),
(407, 14, 8.0, 'A tiempo'),
(407, 16, 8.0, 'A tiempo'),
(508, 5, 8.0, 'A tiempo'),
(508, 4, 8.0, 'A tiempo'),
(191, 5, 8.0, 'Tardanza'),
(191, 14, 6.0, 'A tiempo'),
(191, 3, 8.0, 'A tiempo'),
(297, 14, 8.0, 'A tiempo'),
(297, 5, 8.0, 'A tiempo'),
(616, 4, 4.0, 'A tiempo'),
(616, 3, 6.0, 'A tiempo'),
(616, 14, 8.0, 'A tiempo'),
(10, 17, 8.0, 'A tiempo'),
(681, 14, 8.0, 'A tiempo'),
(582, 17, 8.0, 'A tiempo'),
(582, 5, 4.0, 'A tiempo'),
(582, 3, 8.0, 'A tiempo'),
(110, 4, 4.0, 'A tiempo'),
(344, 16, 8.0, 'A tiempo'),
(344, 5, 6.0, 'A tiempo'),
(292, 17, 6.0, 'A tiempo'),
(292, 5, 4.0, 'A tiempo'),
(292, 4, 8.0, 'A tiempo'),
(466, 3, 4.0, 'Tardanza'),
(466, 16, 6.0, 'A tiempo'),
(466, 14, 6.0, 'A tiempo'),
(667, 4, 8.0, 'Tardanza'),
(667, 16, 8.0, 'A tiempo'),
(667, 14, 8.0, 'A tiempo'),
(730, 4, 8.0, 'A tiempo'),
(730, 16, 8.0, 'A tiempo'),
(506, 4, 8.0, 'A tiempo'),
(506, 17, 8.0, 'A tiempo'),
(138, 9, 4.0, 'A tiempo'),
(517, 9, 4.0, 'Tardanza'),
(480, 14, 8.0, 'A tiempo'),
(480, 9, 6.0, 'A tiempo'),
(280, 4, 8.0, 'A tiempo'),
(280, 17, 8.0, 'A tiempo'),
(280, 9, 8.0, 'A tiempo'),
(198, 3, 8.0, 'A tiempo'),
(116, 4, 8.0, 'A tiempo'),
(116, 16, 8.0, 'A tiempo'),
(728, 9, 4.0, 'Tardanza'),
(728, 16, 8.0, 'A tiempo'),
(728, 3, 4.0, 'A tiempo'),
(768, 5, 8.0, 'Ausente'),
(470, 16, 6.0, 'A tiempo'),
(470, 14, 8.0, 'A tiempo'),
(264, 3, 4.0, 'A tiempo'),
(609, 4, 8.0, 'A tiempo'),
(609, 3, 8.0, 'A tiempo'),
(15, 16, 8.0, 'A tiempo'),
(15, 14, 8.0, 'A tiempo'),
(15, 9, 8.0, 'Ausente'),
(346, 17, 8.0, 'A tiempo'),
(346, 3, 4.0, 'A tiempo'),
(303, 5, 4.0, 'A tiempo'),
(303, 3, 4.0, 'A tiempo'),
(303, 14, 4.0, 'A tiempo'),
(604, 9, 8.0, 'A tiempo'),
(604, 5, 6.0, 'A tiempo'),
(736, 16, 8.0, 'A tiempo'),
(736, 3, 4.0, 'Ausente'),
(736, 17, 6.0, 'A tiempo'),
(615, 17, 4.0, 'A tiempo'),
(416, 14, 4.0, 'A tiempo'),
(416, 16, 8.0, 'A tiempo'),
(438, 9, 8.0, 'A tiempo'),
(773, 17, 8.0, 'A tiempo'),
(773, 14, 4.0, 'A tiempo'),
(773, 16, 8.0, 'Ausente'),
(771, 4, 8.0, 'A tiempo'),
(89, 9, 6.0, 'A tiempo'),
(89, 4, 8.0, 'A tiempo'),
(89, 16, 6.0, 'A tiempo'),
(411, 17, 6.0, 'A tiempo'),
(411, 5, 8.0, 'A tiempo'),
(98, 14, 8.0, 'A tiempo'),
(98, 17, 8.0, 'A tiempo'),
(98, 9, 6.0, 'A tiempo'),
(190, 3, 6.0, 'A tiempo'),
(772, 17, 8.0, 'Tardanza'),
(772, 14, 8.0, 'A tiempo'),
(626, 14, 4.0, 'A tiempo'),
(626, 17, 8.0, 'A tiempo'),
(332, 14, 8.0, 'A tiempo'),
(332, 16, 8.0, 'A tiempo'),
(332, 9, 8.0, 'A tiempo'),
(255, 5, 8.0, 'A tiempo'),
(255, 3, 8.0, 'A tiempo'),
(7, 17, 8.0, 'Ausente'),
(7, 16, 8.0, 'A tiempo'),
(268, 9, 4.0, 'A tiempo'),
(268, 5, 8.0, 'A tiempo'),
(268, 16, 8.0, 'Tardanza'),
(393, 16, 6.0, 'Tardanza'),
(393, 9, 8.0, 'A tiempo'),
(242, 3, 8.0, 'A tiempo'),
(458, 4, 6.0, 'A tiempo'),
(458, 14, 8.0, 'Tardanza'),
(274, 17, 8.0, 'A tiempo'),
(338, 3, 8.0, 'A tiempo'),
(338, 5, 4.0, 'A tiempo'),
(310, 3, 8.0, 'A tiempo'),
(310, 16, 6.0, 'A tiempo'),
(310, 17, 4.0, 'A tiempo'),
(12, 5, 8.0, 'A tiempo'),
(12, 4, 8.0, 'A tiempo'),
(566, 3, 6.0, 'A tiempo'),
(566, 4, 8.0, 'Tardanza'),
(369, 4, 8.0, 'A tiempo'),
(369, 16, 6.0, 'A tiempo'),
(369, 17, 8.0, 'A tiempo'),
(630, 16, 8.0, 'A tiempo'),
(706, 4, 8.0, 'A tiempo'),
(122, 16, 8.0, 'A tiempo'),
(122, 17, 4.0, 'Tardanza'),
(477, 5, 4.0, 'A tiempo'),
(477, 4, 6.0, 'A tiempo'),
(315, 14, 8.0, 'A tiempo'),
(315, 3, 8.0, 'A tiempo'),
(164, 14, 8.0, 'A tiempo'),
(164, 5, 8.0, 'Ausente'),
(164, 16, 8.0, 'Tardanza'),
(579, 16, 8.0, 'A tiempo'),
(579, 17, 6.0, 'A tiempo'),
(515, 17, 6.0, 'A tiempo'),
(319, 16, 8.0, 'A tiempo'),
(319, 4, 8.0, 'A tiempo'),
(121, 9, 8.0, 'A tiempo'),
(121, 17, 6.0, 'A tiempo'),
(583, 16, 8.0, 'A tiempo'),
(583, 17, 4.0, 'Tardanza'),
(377, 5, 8.0, 'A tiempo'),
(377, 14, 6.0, 'A tiempo'),
(377, 17, 8.0, 'A tiempo'),
(227, 5, 8.0, 'Tardanza');

-- ================================================================
-- CASILLEROS (40 registros)
-- ================================================================
INSERT INTO casilleros (numero, id_empleado, ubicacion, activo) VALUES
(101, 8, 'Pasillo D - Mantenimiento', 1),
(102, 1, 'Pasillo D - Mantenimiento', 1),
(103, 13, 'Pasillo C - Seguridad', 1),
(104, 5, 'Pasillo D - Mantenimiento', 1),
(105, 19, 'Pasillo A - Operaciones', 1),
(106, 16, 'Pasillo C - Seguridad', 1),
(107, 4, 'Pasillo B - Ingeniería', 1),
(108, 11, 'Pasillo F - Externos', 1),
(109, 20, 'Pasillo A - Operaciones', 1),
(110, 7, 'Pasillo G - Suministros', 1),
(111, 6, 'Pasillo E - Gerencia', 1),
(112, 14, 'Pasillo A - Operaciones', 1),
(113, 17, 'Pasillo A - Operaciones', 1),
(114, 9, 'Pasillo B - Ingeniería', 1),
(115, 12, 'Pasillo A - Operaciones', 1),
(116, 15, 'Pasillo A - Operaciones', 1),
(117, 18, 'Pasillo B - Ingeniería', 1),
(118, 10, 'Pasillo G - Suministros', 1),
(119, 2, 'Pasillo H - Investigación', 1),
(120, 3, 'Pasillo G - Suministros', 1),
(121, NULL, 'Pasillo B - Ingeniería', 0),
(122, NULL, 'Pasillo E - Gerencia', 0),
(123, NULL, 'Pasillo H - Investigación', 0),
(124, NULL, 'Pasillo C - Seguridad', 0),
(125, NULL, 'Pasillo D - Mantenimiento', 0),
(126, NULL, 'Pasillo A - Operaciones', 0),
(127, NULL, 'Pasillo E - Gerencia', 0),
(128, NULL, 'Pasillo G - Suministros', 0),
(129, NULL, 'Pasillo B - Ingeniería', 0),
(130, NULL, 'Pasillo E - Gerencia', 0),
(131, NULL, 'Pasillo C - Seguridad', 0),
(132, NULL, 'Pasillo G - Suministros', 0),
(133, NULL, 'Pasillo B - Ingeniería', 0),
(134, NULL, 'Pasillo B - Ingeniería', 0),
(135, NULL, 'Pasillo E - Gerencia', 0),
(136, NULL, 'Pasillo B - Ingeniería', 0),
(137, NULL, 'Pasillo B - Ingeniería', 0),
(138, NULL, 'Pasillo H - Investigación', 0),
(139, NULL, 'Pasillo D - Mantenimiento', 0),
(140, NULL, 'Pasillo D - Mantenimiento', 0);

-- ================================================================
-- INVENTARIO (60 registros — historial mensual 2022–2024)
-- ================================================================
INSERT INTO inventario (id_material, fecha, cantidad, stock_minimo, stock_maximo, ubicacion_almacen) VALUES
(1, '2022-01-01', 1569.24, 400.00, 1800.00, 'Almacén Nuclear A'),
(1, '2022-04-01', 1673.11, 400.00, 1800.00, 'Almacén Nuclear A'),
(1, '2022-06-30', 1947.85, 400.00, 1800.00, 'Almacén Nuclear A'),
(1, '2022-09-28', 754.37, 400.00, 1800.00, 'Almacén Nuclear A'),
(1, '2022-12-27', 854.93, 400.00, 1800.00, 'Almacén Nuclear A'),
(1, '2023-06-25', 371.12, 400.00, 1800.00, 'Almacén Nuclear A'),
(2, '2022-01-01', 168.51, 60.00, 280.00, 'Almacén Nuclear A'),
(2, '2022-04-01', 273.91, 60.00, 280.00, 'Almacén Nuclear A'),
(2, '2022-06-30', 209.27, 60.00, 280.00, 'Almacén Nuclear A'),
(2, '2022-09-28', 148.87, 60.00, 280.00, 'Almacén Nuclear A'),
(2, '2022-12-27', 77.24, 60.00, 280.00, 'Almacén Nuclear A'),
(2, '2023-06-25', 12.71, 60.00, 280.00, 'Almacén Nuclear A'),
(3, '2022-01-01', 20533.56, 15000.00, 180000.00, 'Tanque Refrigeración 1'),
(3, '2022-04-01', 24754.89, 15000.00, 180000.00, 'Tanque Refrigeración 1'),
(3, '2022-06-30', 116108.09, 15000.00, 180000.00, 'Tanque Refrigeración 1'),
(3, '2022-09-28', 100338.49, 15000.00, 180000.00, 'Tanque Refrigeración 1'),
(3, '2022-12-27', 190040.87, 15000.00, 180000.00, 'Tanque Refrigeración 1'),
(3, '2023-06-25', 156566.67, 15000.00, 180000.00, 'Tanque Refrigeración 1'),
(4, '2022-01-01', 2806.42, 3000.00, 28000.00, 'Tanque Refrigeración 2'),
(4, '2022-04-01', 21873.14, 3000.00, 28000.00, 'Tanque Refrigeración 2'),
(4, '2022-06-30', 27200.51, 3000.00, 28000.00, 'Tanque Refrigeración 2'),
(4, '2022-09-28', 19543.50, 3000.00, 28000.00, 'Tanque Refrigeración 2'),
(4, '2022-12-27', 14028.49, 3000.00, 28000.00, 'Tanque Refrigeración 2'),
(4, '2023-06-25', 29332.35, 3000.00, 28000.00, 'Tanque Refrigeración 2'),
(5, '2022-01-01', 264.13, 0.00, 900.00, 'Depósito Residuos Z9'),
(5, '2022-04-01', 50.08, 0.00, 900.00, 'Depósito Residuos Z9'),
(5, '2022-06-30', 813.18, 0.00, 900.00, 'Depósito Residuos Z9'),
(5, '2022-09-28', 874.14, 0.00, 900.00, 'Depósito Residuos Z9'),
(5, '2022-12-27', 852.25, 0.00, 900.00, 'Depósito Residuos Z9'),
(5, '2023-06-25', 360.21, 0.00, 900.00, 'Depósito Residuos Z9'),
(6, '2022-01-01', 338.38, 0.00, 450.00, 'Depósito Residuos Z9'),
(6, '2022-04-01', 213.00, 0.00, 450.00, 'Depósito Residuos Z9'),
(6, '2022-06-30', 57.95, 0.00, 450.00, 'Depósito Residuos Z9'),
(6, '2022-09-28', 425.62, 0.00, 450.00, 'Depósito Residuos Z9'),
(6, '2022-12-27', 445.15, 0.00, 450.00, 'Depósito Residuos Z9'),
(6, '2023-06-25', 4.84, 0.00, 450.00, 'Depósito Residuos Z9'),
(7, '2022-01-01', 123.64, 80.00, 750.00, 'Almacén Químico B'),
(7, '2022-04-01', 523.05, 80.00, 750.00, 'Almacén Químico B'),
(7, '2022-06-30', 273.00, 80.00, 750.00, 'Almacén Químico B'),
(7, '2022-09-28', 717.20, 80.00, 750.00, 'Almacén Químico B'),
(7, '2022-12-27', 764.74, 80.00, 750.00, 'Almacén Químico B'),
(7, '2023-06-25', 225.62, 80.00, 750.00, 'Almacén Químico B'),
(8, '2022-01-01', 2207.21, 150.00, 2800.00, 'Almacén General'),
(8, '2022-04-01', 1136.69, 150.00, 2800.00, 'Almacén General'),
(8, '2022-06-30', 1047.89, 150.00, 2800.00, 'Almacén General'),
(8, '2022-09-28', 368.08, 150.00, 2800.00, 'Almacén General'),
(8, '2022-12-27', 1218.74, 150.00, 2800.00, 'Almacén General'),
(8, '2023-06-25', 1385.92, 150.00, 2800.00, 'Almacén General'),
(9, '2022-01-01', 418.84, 30.00, 480.00, 'Almacén Mantenimiento'),
(9, '2022-04-01', 346.81, 30.00, 480.00, 'Almacén Mantenimiento'),
(9, '2022-06-30', 242.25, 30.00, 480.00, 'Almacén Mantenimiento'),
(9, '2022-09-28', 214.34, 30.00, 480.00, 'Almacén Mantenimiento'),
(9, '2022-12-27', 443.75, 30.00, 480.00, 'Almacén Mantenimiento'),
(9, '2023-06-25', 88.39, 30.00, 480.00, 'Almacén Mantenimiento'),
(10, '2022-01-01', 44.41, 48.00, 260.00, 'Cafetería / Casillero Homer'),
(10, '2022-04-01', 211.18, 48.00, 260.00, 'Cafetería / Casillero Homer'),
(10, '2022-06-30', 282.82, 48.00, 260.00, 'Cafetería / Casillero Homer'),
(10, '2022-09-28', 244.29, 48.00, 260.00, 'Cafetería / Casillero Homer'),
(10, '2022-12-27', 36.32, 48.00, 260.00, 'Cafetería / Casillero Homer'),
(10, '2023-06-25', 263.07, 48.00, 260.00, 'Cafetería / Casillero Homer');

-- ================================================================
-- EMPLEADO_CAPACITACION (200 registros)
-- ================================================================
INSERT INTO empleado_capacitacion (id_empleado, id_capacitacion, fecha_inicio, fecha_fin, calificacion, aprobado, certificado) VALUES
(3, 9, '2023-08-26', '2023-08-30', 4.1, 0, NULL),
(3, 6, '2023-03-20', '2023-03-23', 3.7, 0, NULL),
(20, 1, '2024-11-01', '2024-11-04', 7.7, 1, 'CERT-01-0001'),
(16, 2, '2024-12-22', '2024-12-29', 7.5, 1, 'CERT-02-0002'),
(3, 5, '2023-09-03', '2023-09-09', 5.6, 0, NULL),
(17, 13, '2024-03-02', '2024-03-12', 8.8, 1, 'CERT-13-0004'),
(8, 11, '2024-11-23', '2024-11-29', 7.8, 1, 'CERT-11-0005'),
(20, 2, '2022-06-05', '2022-06-09', 7.7, 1, 'CERT-02-0006'),
(13, 3, '2024-09-14', '2024-09-23', 9.5, 1, 'CERT-03-0007'),
(1, 11, '2020-11-17', '2020-11-26', 9.3, 1, 'CERT-11-0008'),
(16, 14, '2020-12-04', '2020-12-06', 8.9, 1, 'CERT-14-0009'),
(11, 4, '2021-11-08', '2021-11-13', 5.7, 0, NULL),
(8, 9, '2023-08-10', '2023-08-17', 7.3, 1, 'CERT-09-0011'),
(8, 2, '2022-07-29', '2022-08-06', 9.1, 1, 'CERT-02-0012'),
(15, 2, '2024-10-20', '2024-10-28', 7.5, 1, 'CERT-02-0013'),
(4, 8, '2024-03-06', '2024-03-07', 6.0, 1, 'CERT-08-0014'),
(14, 1, '2023-02-15', '2023-02-24', 5.5, 0, NULL),
(3, 13, '2023-05-22', '2023-06-01', 8.4, 1, 'CERT-13-0016'),
(17, 9, '2021-02-27', '2021-03-07', 9.8, 1, 'CERT-09-0017'),
(12, 14, '2020-04-21', '2020-04-25', 9.3, 1, 'CERT-14-0018'),
(11, 9, '2024-04-20', '2024-04-30', 8.2, 1, 'CERT-09-0019'),
(12, 12, '2022-07-15', '2022-07-17', 5.9, 0, NULL),
(8, 1, '2021-11-30', '2021-12-06', 9.2, 1, 'CERT-01-0021'),
(10, 9, '2022-12-05', '2022-12-11', 8.7, 1, 'CERT-09-0022'),
(2, 15, '2020-12-02', '2020-12-10', 6.1, 1, 'CERT-15-0023'),
(14, 2, '2021-06-04', '2021-06-14', 6.4, 1, 'CERT-02-0024'),
(4, 15, '2024-10-11', '2024-10-18', 6.5, 1, 'CERT-15-0025'),
(7, 12, '2021-11-23', '2021-11-25', 8.9, 1, 'CERT-12-0026'),
(19, 2, '2024-04-30', '2024-05-08', 7.6, 1, 'CERT-02-0027'),
(19, 9, '2020-10-02', '2020-10-10', 5.5, 0, NULL),
(2, 9, '2022-06-05', '2022-06-15', 7.7, 1, 'CERT-09-0029'),
(6, 12, '2023-03-30', '2023-04-02', 8.8, 1, 'CERT-12-0030'),
(5, 2, '2022-03-04', '2022-03-14', 8.2, 1, 'CERT-02-0031'),
(13, 7, '2023-06-01', '2023-06-05', 6.7, 1, 'CERT-07-0032'),
(11, 5, '2022-07-16', '2022-07-19', 6.1, 1, 'CERT-05-0033'),
(20, 12, '2024-12-20', '2024-12-29', 6.8, 1, 'CERT-12-0034'),
(18, 14, '2021-10-04', '2021-10-13', 8.3, 1, 'CERT-14-0035'),
(7, 4, '2023-07-02', '2023-07-07', 8.6, 1, 'CERT-04-0036'),
(5, 12, '2023-08-24', '2023-08-27', 7.8, 1, 'CERT-12-0037'),
(11, 12, '2020-08-24', '2020-08-30', 8.0, 1, 'CERT-12-0038'),
(19, 10, '2023-09-28', '2023-10-05', 8.5, 1, 'CERT-10-0039'),
(18, 5, '2024-12-02', '2024-12-09', 9.1, 1, 'CERT-05-0040'),
(17, 2, '2020-02-21', '2020-02-28', 6.2, 1, 'CERT-02-0041'),
(2, 4, '2021-06-30', '2021-07-03', 9.9, 1, 'CERT-04-0042'),
(9, 3, '2024-09-15', '2024-09-16', 8.6, 1, 'CERT-03-0043'),
(10, 4, '2024-03-23', '2024-04-01', 5.6, 0, NULL),
(20, 14, '2023-10-15', '2023-10-24', 9.4, 1, 'CERT-14-0045'),
(18, 7, '2021-05-01', '2021-05-10', 9.0, 1, 'CERT-07-0046'),
(10, 12, '2023-09-22', '2023-09-23', 9.7, 1, 'CERT-12-0047'),
(2, 1, '2024-03-03', '2024-03-08', 6.4, 1, 'CERT-01-0048'),
(15, 14, '2021-04-06', '2021-04-12', 8.9, 1, 'CERT-14-0049'),
(18, 12, '2023-05-20', '2023-05-24', 9.0, 1, 'CERT-12-0050'),
(7, 5, '2022-07-08', '2022-07-11', 9.9, 1, 'CERT-05-0051'),
(3, 3, '2020-12-21', '2020-12-30', 6.0, 1, 'CERT-03-0052'),
(2, 7, '2021-07-25', '2021-08-03', 6.7, 1, 'CERT-07-0053'),
(6, 10, '2024-09-28', '2024-10-03', 5.5, 0, NULL),
(15, 12, '2020-11-13', '2020-11-14', 6.2, 1, 'CERT-12-0055'),
(11, 10, '2020-04-14', '2020-04-24', 9.3, 1, 'CERT-10-0056'),
(10, 8, '2024-06-05', '2024-06-15', 8.0, 1, 'CERT-08-0057'),
(8, 3, '2022-12-02', '2022-12-04', 9.0, 1, 'CERT-03-0058'),
(6, 7, '2023-01-17', '2023-01-26', 7.3, 1, 'CERT-07-0059'),
(12, 4, '2024-12-14', '2024-12-18', 8.5, 1, 'CERT-04-0060'),
(11, 6, '2021-08-24', '2021-08-28', 9.8, 1, 'CERT-06-0061'),
(20, 9, '2022-08-30', '2022-09-08', 9.2, 1, 'CERT-09-0062'),
(1, 2, '2023-10-01', '2023-10-07', 7.5, 1, 'CERT-02-0063'),
(20, 15, '2023-06-26', '2023-06-30', 9.8, 1, 'CERT-15-0064'),
(11, 7, '2024-06-18', '2024-06-20', 7.2, 1, 'CERT-07-0065'),
(10, 1, '2022-11-24', '2022-11-30', 7.8, 1, 'CERT-01-0066'),
(17, 8, '2022-09-23', '2022-09-24', 6.8, 1, 'CERT-08-0067'),
(7, 6, '2022-11-18', '2022-11-20', 9.8, 1, 'CERT-06-0068'),
(6, 13, '2023-01-06', '2023-01-15', 5.5, 0, NULL),
(3, 4, '2023-10-04', '2023-10-08', 9.4, 1, 'CERT-04-0070'),
(14, 14, '2020-07-31', '2020-08-04', 7.9, 1, 'CERT-14-0071'),
(14, 11, '2024-07-30', '2024-08-01', 8.9, 1, 'CERT-11-0072'),
(5, 1, '2022-07-29', '2022-08-04', 5.7, 0, NULL),
(3, 1, '2020-12-30', '2021-01-04', 8.0, 1, 'CERT-01-0074'),
(19, 14, '2021-04-11', '2021-04-16', 7.3, 1, 'CERT-14-0075'),
(15, 11, '2022-04-08', '2022-04-15', 6.9, 1, 'CERT-11-0076'),
(13, 11, '2020-08-30', '2020-09-08', 5.5, 0, NULL),
(19, 1, '2023-12-06', '2023-12-08', 7.1, 1, 'CERT-01-0078'),
(10, 13, '2023-11-05', '2023-11-10', 8.2, 1, 'CERT-13-0079'),
(15, 7, '2022-03-20', '2022-03-21', 7.6, 1, 'CERT-07-0080'),
(18, 4, '2020-10-06', '2020-10-13', 9.1, 1, 'CERT-04-0081'),
(5, 5, '2023-10-19', '2023-10-25', 9.8, 1, 'CERT-05-0082'),
(1, 9, '2024-11-26', '2024-12-05', 6.1, 1, 'CERT-09-0083'),
(13, 9, '2023-01-26', '2023-01-28', 6.9, 1, 'CERT-09-0084'),
(14, 15, '2023-08-15', '2023-08-24', 6.1, 1, 'CERT-15-0085'),
(6, 4, '2023-06-17', '2023-06-22', 6.4, 1, 'CERT-04-0086'),
(6, 11, '2024-06-25', '2024-07-05', 9.3, 1, 'CERT-11-0087'),
(18, 8, '2023-08-13', '2023-08-22', 5.8, 0, NULL),
(4, 4, '2024-01-26', '2024-02-05', 7.7, 1, 'CERT-04-0089'),
(5, 11, '2023-09-04', '2023-09-08', 6.0, 1, 'CERT-11-0090'),
(16, 8, '2021-11-03', '2021-11-13', 8.5, 1, 'CERT-08-0091'),
(19, 3, '2023-03-04', '2023-03-14', 7.1, 1, 'CERT-03-0092'),
(6, 1, '2021-10-03', '2021-10-07', 9.0, 1, 'CERT-01-0093'),
(14, 5, '2024-09-16', '2024-09-22', 6.1, 1, 'CERT-05-0094'),
(11, 15, '2022-09-09', '2022-09-17', 7.5, 1, 'CERT-15-0095'),
(18, 2, '2020-12-25', '2021-01-04', 5.9, 0, NULL),
(9, 14, '2024-08-19', '2024-08-22', 9.5, 1, 'CERT-14-0097'),
(3, 12, '2020-06-03', '2020-06-04', 9.3, 1, 'CERT-12-0098'),
(1, 14, '2023-04-06', '2023-04-16', 7.3, 1, 'CERT-14-0099'),
(19, 4, '2020-03-16', '2020-03-25', 6.7, 1, 'CERT-04-0100'),
(5, 6, '2022-03-14', '2022-03-18', 9.5, 1, 'CERT-06-0101'),
(19, 12, '2024-10-21', '2024-10-26', 6.1, 1, 'CERT-12-0102'),
(3, 7, '2022-01-15', '2022-01-24', 5.5, 0, NULL),
(8, 14, '2024-07-09', '2024-07-19', 8.6, 1, 'CERT-14-0104'),
(17, 3, '2022-07-02', '2022-07-05', 6.3, 1, 'CERT-03-0105'),
(19, 11, '2024-11-21', '2024-11-24', 8.8, 1, 'CERT-11-0106'),
(16, 6, '2020-03-23', '2020-03-27', 8.9, 1, 'CERT-06-0107'),
(9, 6, '2021-04-24', '2021-04-25', 8.5, 1, 'CERT-06-0108'),
(17, 15, '2024-06-08', '2024-06-14', 7.2, 1, 'CERT-15-0109'),
(15, 15, '2020-04-05', '2020-04-06', 9.9, 1, 'CERT-15-0110'),
(11, 2, '2023-12-12', '2023-12-21', 8.4, 1, 'CERT-02-0111'),
(9, 10, '2023-01-19', '2023-01-29', 6.3, 1, 'CERT-10-0112'),
(13, 6, '2023-04-18', '2023-04-20', 7.8, 1, 'CERT-06-0113'),
(13, 15, '2021-04-01', '2021-04-10', 7.3, 1, 'CERT-15-0114'),
(12, 8, '2024-06-11', '2024-06-19', 9.5, 1, 'CERT-08-0115'),
(5, 8, '2020-12-05', '2020-12-09', 5.8, 0, NULL),
(9, 4, '2020-11-03', '2020-11-06', 6.2, 1, 'CERT-04-0117'),
(4, 11, '2021-04-16', '2021-04-23', 9.2, 1, 'CERT-11-0118'),
(7, 10, '2020-11-26', '2020-12-03', 5.6, 0, NULL),
(2, 3, '2023-03-20', '2023-03-30', 6.2, 1, 'CERT-03-0120'),
(17, 1, '2024-12-29', '2025-01-08', 6.2, 1, 'CERT-01-0121'),
(6, 5, '2021-01-03', '2021-01-12', 9.8, 1, 'CERT-05-0122'),
(20, 10, '2023-07-29', '2023-07-30', 9.5, 1, 'CERT-10-0123'),
(10, 2, '2021-03-19', '2021-03-27', 8.2, 1, 'CERT-02-0124'),
(16, 3, '2021-03-25', '2021-04-01', 8.2, 1, 'CERT-03-0125'),
(17, 5, '2020-12-09', '2020-12-15', 9.7, 1, 'CERT-05-0126'),
(1, 4, '2022-12-06', '2022-12-15', 8.6, 1, 'CERT-04-0127'),
(5, 10, '2020-07-16', '2020-07-19', 7.6, 1, 'CERT-10-0128'),
(18, 9, '2024-03-20', '2024-03-22', 5.9, 0, NULL),
(5, 15, '2023-05-20', '2023-05-29', 9.2, 1, 'CERT-15-0130'),
(14, 9, '2022-05-11', '2022-05-17', 9.4, 1, 'CERT-09-0131'),
(17, 7, '2021-04-14', '2021-04-22', 9.1, 1, 'CERT-07-0132'),
(19, 13, '2024-02-27', '2024-03-08', 5.9, 0, NULL),
(16, 13, '2021-04-21', '2021-04-23', 6.8, 1, 'CERT-13-0134'),
(1, 12, '2024-03-02', '2024-03-03', 8.1, 1, 'CERT-12-0135'),
(4, 9, '2020-01-15', '2020-01-22', 8.4, 1, 'CERT-09-0136'),
(12, 2, '2020-11-12', '2020-11-19', 8.4, 1, 'CERT-02-0137'),
(9, 5, '2024-10-16', '2024-10-25', 7.4, 1, 'CERT-05-0138'),
(12, 10, '2021-07-18', '2021-07-25', 8.9, 1, 'CERT-10-0139'),
(6, 6, '2023-02-19', '2023-02-28', 7.7, 1, 'CERT-06-0140'),
(10, 10, '2021-12-06', '2021-12-13', 8.8, 1, 'CERT-10-0141'),
(4, 12, '2021-04-15', '2021-04-23', 9.0, 1, 'CERT-12-0142'),
(6, 2, '2021-03-15', '2021-03-24', 7.3, 1, 'CERT-02-0143'),
(11, 13, '2023-02-01', '2023-02-11', 8.6, 1, 'CERT-13-0144'),
(1, 13, '2020-07-05', '2020-07-08', 7.6, 1, 'CERT-13-0145'),
(20, 7, '2020-06-29', '2020-07-01', 6.7, 1, 'CERT-07-0146'),
(13, 10, '2023-09-05', '2023-09-14', 6.8, 1, 'CERT-10-0147');

-- ================================================================
-- DOSIMETRIA (300 registros)
-- ================================================================
INSERT INTO dosimetria (id_empleado, id_turno, id_reactor, radiacion_msv, acumulado_anual, zona, equipo_proteccion, alerta_limite) VALUES
(12, 612, 2, 0.0128, 0.0128, 'Planta Principal', 'Completo', 0),
(14, 612, 2, 0.0114, 0.0114, 'Zona Caliente', 'Básico', 0),
(3, 612, 3, 0.0348, 0.0348, 'Zona Técnica', 'Ninguno', 0),
(9, 59, 2, 0.0086, 0.0086, 'Zona Caliente', 'Máximo', 0),
(8, 180, 2, 0.0101, 0.0101, 'Reactor Core', 'Completo', 0),
(6, 656, 4, 5.7541, 5.7541, 'Zona Caliente', 'Completo', 0),
(12, 656, 2, 0.0152, 0.0152, 'Mantenimiento', 'Completo', 0),
(4, 507, 4, 3.9153, 3.9153, 'Perímetro', 'Máximo', 0),
(6, 450, 4, 3.4089, 3.4089, 'Sala Control', 'Completo', 0),
(5, 450, 1, 0.0175, 0.0175, 'Perímetro', 'Completo', 0),
(16, 11, 4, 3.9572, 3.9572, 'Zona Técnica', 'Completo', 0),
(18, 11, 1, 0.0096, 0.0096, 'Planta Principal', 'Básico', 0),
(9, 11, 4, 4.3737, 4.3823, 'Reactor Core', 'Completo', 0),
(9, 207, 2, 0.0138, 0.0138, 'Zona Caliente', 'Completo', 0),
(8, 207, 1, 0.0162, 0.0263, 'Zona Técnica', 'Básico', 0),
(18, 207, 1, 0.0142, 0.0142, 'Planta Principal', 'Completo', 0),
(9, 673, 3, 0.0362, 0.0362, 'Sala Control', 'Completo', 0),
(18, 673, 2, 0.0123, 0.0123, 'Planta Principal', 'Completo', 0),
(9, 531, 2, 0.0104, 0.0104, 'Sala Control', 'Completo', 0),
(5, 293, 2, 0.0125, 0.0125, 'Mantenimiento', 'Completo', 0),
(18, 200, 1, 0.0162, 0.0304, 'Zona Caliente', 'Completo', 0),
(12, 200, 4, 3.2693, 3.2693, 'Planta Principal', 'Completo', 0),
(3, 35, 1, 0.0154, 0.0154, 'Mantenimiento', 'Básico', 0),
(4, 614, 2, 0.0149, 3.9302, 'Reactor Core', 'Básico', 0),
(6, 614, 2, 0.0103, 0.0103, 'Perímetro', 'Básico', 0),
(5, 614, 5, 0.0055, 0.0055, 'Sala Control', 'Básico', 0),
(12, 523, 1, 0.014, 0.0268, 'Planta Principal', 'Completo', 0),
(8, 523, 2, 0.0073, 0.0073, 'Zona Caliente', 'Básico', 0),
(6, 523, 4, 3.4284, 3.4387, 'Perímetro', 'Completo', 0),
(8, 529, 1, 0.0131, 0.0204, 'Zona Técnica', 'Máximo', 0),
(16, 529, 3, 0.034, 0.034, 'Zona Técnica', 'Completo', 0),
(14, 529, 2, 0.0115, 0.0229, 'Zona Caliente', 'Completo', 0),
(16, 716, 4, 2.7496, 2.7496, 'Zona Caliente', 'Completo', 0),
(6, 716, 1, 0.013, 5.7671, 'Perímetro', 'Ninguno', 0),
(9, 238, 1, 0.0145, 0.0283, 'Reactor Core', 'Completo', 0),
(8, 630, 4, 4.1716, 4.1716, 'Perímetro', 'Máximo', 0),
(3, 630, 1, 0.0201, 0.0201, 'Zona Técnica', 'Básico', 0),
(12, 174, 1, 0.0117, 3.281, 'Reactor Core', 'Completo', 0),
(6, 174, 1, 0.0139, 0.0139, 'Zona Técnica', 'Básico', 0),
(8, 691, 2, 0.0085, 4.1801, 'Zona Caliente', 'Máximo', 0),
(18, 691, 1, 0.0123, 0.0246, 'Mantenimiento', 'Completo', 0),
(16, 691, 3, 0.0204, 2.77, 'Sala Control', 'Básico', 0),
(3, 37, 1, 0.0209, 0.0363, 'Sala Control', 'Ninguno', 0),
(5, 37, 1, 0.0127, 0.0127, 'Zona Caliente', 'Básico', 0),
(4, 37, 2, 0.0112, 0.0112, 'Zona Caliente', 'Máximo', 0),
(3, 369, 1, 0.0123, 0.0123, 'Zona Caliente', 'Completo', 0),
(9, 369, 4, 3.3914, 3.3914, 'Planta Principal', 'Básico', 0),
(12, 245, 1, 0.0104, 3.2914, 'Perímetro', 'Completo', 0),
(3, 245, 5, 0.0149, 0.0149, 'Planta Principal', 'Básico', 0),
(4, 671, 3, 0.0286, 0.0286, 'Zona Caliente', 'Básico', 0),
(16, 671, 5, 0.0059, 2.7759, 'Mantenimiento', 'Básico', 0),
(16, 1, 2, 0.01, 3.9672, 'Sala Control', 'Completo', 0),
(4, 1, 4, 1.1945, 1.2057, 'Mantenimiento', 'Básico', 0),
(8, 1, 2, 0.0137, 0.0137, 'Zona Técnica', 'Ninguno', 0),
(12, 162, 4, 0.7583, 4.0497, 'Perímetro', 'Ninguno', 0),
(14, 89, 4, 3.5745, 3.5745, 'Mantenimiento', 'Completo', 0),
(5, 89, 3, 0.0419, 0.0546, 'Mantenimiento', 'Máximo', 0),
(9, 89, 1, 0.0095, 4.3918, 'Zona Técnica', 'Completo', 0),
(5, 283, 2, 0.0117, 0.0242, 'Mantenimiento', 'Completo', 0),
(14, 410, 1, 0.0149, 0.0149, 'Zona Caliente', 'Completo', 0),
(6, 410, 4, 3.1906, 6.5995, 'Zona Caliente', 'Completo', 0),
(14, 362, 2, 0.0109, 0.0258, 'Perímetro', 'Completo', 0),
(6, 362, 4, 3.9103, 10.5098, 'Sala Control', 'Máximo', 0),
(5, 362, 2, 0.0139, 0.0314, 'Zona Técnica', 'Completo', 0),
(14, 686, 4, 5.012, 5.012, 'Sala Control', 'Completo', 0),
(3, 686, 3, 0.0634, 0.0835, 'Zona Caliente', 'Básico', 0),
(4, 405, 1, 0.0153, 0.0153, 'Planta Principal', 'Completo', 0),
(16, 405, 3, 0.0341, 0.0341, 'Sala Control', 'Completo', 0),
(12, 405, 1, 0.0084, 0.0084, 'Planta Principal', 'Completo', 0),
(3, 416, 1, 0.0109, 0.0232, 'Zona Técnica', 'Básico', 0),
(12, 601, 1, 0.0148, 0.0416, 'Sala Control', 'Completo', 0),
(14, 601, 5, 0.005, 0.0279, 'Perímetro', 'Básico', 0),
(8, 601, 1, 0.0086, 0.029, 'Zona Técnica', 'Máximo', 0),
(12, 206, 4, 0.75, 4.7997, 'Sala Control', 'Completo', 0),
(9, 206, 4, 1.8278, 1.8561, 'Zona Técnica', 'Básico', 0),
(3, 206, 1, 0.0237, 0.0386, 'Planta Principal', 'Completo', 0),
(16, 774, 3, 0.0408, 2.8167, 'Zona Técnica', 'Completo', 0),
(16, 16, 4, 4.6481, 8.6153, 'Mantenimiento', 'Completo', 0),
(12, 16, 3, 0.0237, 0.0237, 'Planta Principal', 'Máximo', 0),
(4, 16, 2, 0.0125, 1.2182, 'Zona Técnica', 'Completo', 0),
(14, 721, 3, 0.0386, 5.0506, 'Reactor Core', 'Máximo', 0),
(9, 721, 4, 4.9641, 5.0003, 'Zona Técnica', 'Completo', 0),
(16, 721, 1, 0.0116, 2.8283, 'Zona Técnica', 'Completo', 0),
(8, 71, 2, 0.0131, 0.0268, 'Zona Caliente', 'Completo', 0),
(9, 71, 3, 0.0419, 4.4337, 'Zona Caliente', 'Completo', 0),
(14, 71, 1, 0.01, 3.5845, 'Zona Caliente', 'Máximo', 0),
(8, 93, 5, 0.0053, 0.0321, 'Zona Técnica', 'Completo', 0),
(4, 563, 1, 0.0093, 3.9395, 'Zona Caliente', 'Completo', 0),
(6, 292, 4, 2.9588, 2.9727, 'Planta Principal', 'Básico', 0),
(18, 292, 4, 5.3764, 5.4068, 'Planta Principal', 'Completo', 0),
(8, 292, 2, 0.0129, 0.0392, 'Perímetro', 'Máximo', 0),
(18, 573, 3, 0.0378, 0.0378, 'Reactor Core', 'Básico', 0),
(3, 597, 5, 0.0136, 0.0484, 'Reactor Core', 'Básico', 0),
(4, 357, 4, 6.2112, 6.2265, 'Mantenimiento', 'Máximo', 0),
(6, 357, 4, 2.3744, 12.8842, 'Sala Control', 'Completo', 0),
(16, 356, 2, 0.0083, 0.0424, 'Mantenimiento', 'Completo', 0),
(5, 356, 4, 3.2405, 3.2719, 'Zona Técnica', 'Completo', 0),
(16, 284, 2, 0.0082, 0.0082, 'Zona Caliente', 'Máximo', 0),
(4, 284, 1, 0.0085, 0.0085, 'Reactor Core', 'Completo', 0),
(6, 284, 1, 0.0121, 2.9848, 'Mantenimiento', 'Completo', 0),
(5, 232, 2, 0.0103, 0.0345, 'Zona Técnica', 'Básico', 0),
(16, 621, 3, 0.0254, 0.0594, 'Sala Control', 'Completo', 0),
(12, 772, 3, 0.0225, 0.0377, 'Reactor Core', 'Completo', 0),
(9, 772, 2, 0.0097, 5.01, 'Zona Técnica', 'Completo', 0),
(3, 466, 5, 0.0149, 0.0381, 'Reactor Core', 'Completo', 0),
(8, 466, 3, 0.0403, 0.0403, 'Planta Principal', 'Completo', 0),
(5, 466, 1, 0.0152, 3.2871, 'Perímetro', 'Completo', 0),
(4, 414, 4, 4.3192, 10.5457, 'Planta Principal', 'Completo', 0),
(3, 589, 3, 0.0515, 0.0999, 'Sala Control', 'Ninguno', 0),
(9, 589, 2, 0.0088, 0.0192, 'Zona Técnica', 'Completo', 0),
(8, 5, 3, 0.0353, 0.0674, 'Mantenimiento', 'Máximo', 0),
(16, 5, 1, 0.0143, 8.6296, 'Sala Control', 'Completo', 0),
(14, 5, 1, 0.0099, 3.5944, 'Mantenimiento', 'Básico', 0),
(8, 268, 3, 0.0286, 0.0678, 'Zona Caliente', 'Ninguno', 0),
(3, 268, 3, 0.0452, 0.0838, 'Sala Control', 'Máximo', 0),
(14, 268, 1, 0.0142, 0.0142, 'Planta Principal', 'Máximo', 0),
(16, 781, 5, 0.0054, 2.8337, 'Sala Control', 'Completo', 0),
(4, 781, 1, 0.0124, 0.041, 'Mantenimiento', 'Completo', 0),
(3, 417, 1, 0.0178, 0.0559, 'Reactor Core', 'Básico', 0),
(5, 519, 3, 0.0267, 0.0322, 'Zona Técnica', 'Completo', 0),
(3, 519, 1, 0.0156, 0.1155, 'Reactor Core', 'Ninguno', 0),
(9, 519, 4, 0.6812, 0.7004, 'Zona Técnica', 'Máximo', 0),
(6, 110, 2, 0.0082, 0.0082, 'Mantenimiento', 'Completo', 0),
(5, 110, 2, 0.0121, 0.0667, 'Mantenimiento', 'Máximo', 0),
(6, 740, 3, 0.0269, 5.794, 'Zona Técnica', 'Completo', 0),
(12, 740, 2, 0.0087, 0.0464, 'Planta Principal', 'Completo', 0),
(18, 740, 3, 0.0245, 0.0491, 'Planta Principal', 'Completo', 0),
(16, 75, 2, 0.0135, 8.6431, 'Mantenimiento', 'Máximo', 0),
(5, 75, 5, 0.0043, 0.071, 'Zona Técnica', 'Máximo', 0),
(4, 516, 4, 0.6813, 4.6208, 'Zona Caliente', 'Básico', 0),
(5, 516, 4, 3.0292, 3.0614, 'Reactor Core', 'Completo', 0),
(9, 516, 4, 4.4166, 5.117, 'Mantenimiento', 'Máximo', 0),
(5, 302, 1, 0.0152, 0.0497, 'Zona Técnica', 'Básico', 0),
(6, 302, 3, 0.0335, 3.0183, 'Zona Técnica', 'Completo', 0),
(6, 349, 3, 0.0351, 12.9193, 'Reactor Core', 'Completo', 0),
(16, 120, 4, 4.4948, 13.1379, 'Planta Principal', 'Completo', 0),
(14, 526, 1, 0.0083, 0.0362, 'Perímetro', 'Básico', 0),
(18, 526, 5, 0.0068, 0.0446, 'Planta Principal', 'Máximo', 0),
(6, 264, 1, 0.0122, 3.0305, 'Zona Técnica', 'Máximo', 0),
(18, 264, 2, 0.0108, 5.4176, 'Planta Principal', 'Completo', 0),
(4, 264, 2, 0.0121, 0.0206, 'Perímetro', 'Máximo', 0),
(9, 551, 3, 0.0331, 5.1501, 'Zona Técnica', 'Completo', 0),
(12, 551, 3, 0.0208, 0.0624, 'Sala Control', 'Completo', 0),
(14, 730, 4, 3.8079, 8.8585, 'Mantenimiento', 'Completo', 0),
(3, 730, 1, 0.0306, 0.1141, 'Sala Control', 'Básico', 0),
(8, 257, 2, 0.0135, 0.0813, 'Zona Caliente', 'Máximo', 0),
(5, 711, 1, 0.0146, 0.0146, 'Planta Principal', 'Máximo', 0),
(12, 711, 2, 0.0078, 0.0542, 'Zona Técnica', 'Completo', 0),
(5, 454, 4, 4.7811, 8.0682, 'Planta Principal', 'Máximo', 0),
(12, 387, 2, 0.012, 0.0204, 'Mantenimiento', 'Básico', 0),
(9, 387, 4, 1.0546, 4.446, 'Zona Caliente', 'Máximo', 0),
(5, 577, 1, 0.0114, 3.0728, 'Zona Técnica', 'Completo', 0),
(4, 577, 4, 6.4974, 11.1182, 'Zona Técnica', 'Completo', 0),
(16, 577, 5, 0.0045, 0.0639, 'Perímetro', 'Completo', 0),
(9, 496, 3, 0.0233, 5.1734, 'Perímetro', 'Completo', 0),
(5, 250, 4, 2.3946, 2.4443, 'Mantenimiento', 'Básico', 0),
(8, 348, 1, 0.0099, 0.0502, 'Zona Técnica', 'Básico', 0),
(5, 348, 4, 3.5604, 11.6286, 'Reactor Core', 'Ninguno', 0),
(3, 470, 1, 0.0214, 0.1369, 'Reactor Core', 'Completo', 0),
(14, 470, 1, 0.0103, 0.0465, 'Zona Técnica', 'Completo', 0),
(6, 470, 1, 0.0158, 3.4545, 'Planta Principal', 'Completo', 0),
(5, 698, 1, 0.0083, 0.0229, 'Perímetro', 'Completo', 0),
(18, 472, 4, 6.1604, 6.205, 'Sala Control', 'Completo', 0),
(12, 749, 5, 0.0041, 0.0583, 'Mantenimiento', 'Básico', 0),
(18, 29, 5, 0.0044, 0.014, 'Sala Control', 'Completo', 0),
(16, 29, 1, 0.0115, 13.1494, 'Reactor Core', 'Completo', 0),
(5, 29, 4, 5.6864, 5.7574, 'Sala Control', 'Completo', 0),
(14, 494, 1, 0.0111, 0.0576, 'Reactor Core', 'Máximo', 0),
(5, 494, 2, 0.0121, 3.0849, 'Sala Control', 'Completo', 0),
(16, 718, 4, 5.3473, 8.181, 'Mantenimiento', 'Completo', 0),
(4, 718, 1, 0.011, 0.052, 'Zona Técnica', 'Completo', 0),
(14, 718, 3, 0.0404, 8.8989, 'Zona Técnica', 'Completo', 0),
(14, 265, 2, 0.0121, 0.0263, 'Mantenimiento', 'Básico', 0),
(16, 265, 1, 0.0091, 0.0173, 'Reactor Core', 'Básico', 0),
(18, 265, 3, 0.0387, 5.4563, 'Perímetro', 'Básico', 0),
(12, 70, 2, 0.0124, 0.0361, 'Sala Control', 'Completo', 0),
(18, 70, 3, 0.0256, 0.0396, 'Sala Control', 'Completo', 0),
(3, 70, 2, 0.0154, 0.0517, 'Sala Control', 'Básico', 0),
(9, 392, 2, 0.0122, 4.4582, 'Sala Control', 'Completo', 0),
(6, 649, 2, 0.0126, 5.8066, 'Reactor Core', 'Completo', 0),
(5, 226, 2, 0.0145, 2.4588, 'Zona Técnica', 'Completo', 0),
(14, 236, 5, 0.0051, 0.0314, 'Zona Técnica', 'Básico', 0),
(12, 236, 4, 3.7957, 8.5954, 'Planta Principal', 'Completo', 0),
(9, 324, 5, 0.0031, 4.4613, 'Reactor Core', 'Completo', 0),
(18, 324, 3, 0.0326, 0.0326, 'Reactor Core', 'Máximo', 0),
(4, 324, 1, 0.0154, 10.5611, 'Zona Caliente', 'Básico', 0),
(9, 423, 2, 0.009, 4.4703, 'Reactor Core', 'Completo', 0),
(3, 423, 4, 7.7201, 7.776, 'Planta Principal', 'Básico', 0),
(8, 423, 1, 0.0154, 0.0656, 'Sala Control', 'Máximo', 0),
(16, 753, 4, 1.4476, 9.6286, 'Zona Caliente', 'Máximo', 0),
(3, 753, 5, 0.0093, 0.1234, 'Perímetro', 'Completo', 0),
(5, 768, 4, 4.6618, 4.6847, 'Planta Principal', 'Máximo', 0),
(4, 768, 1, 0.0117, 0.0637, 'Perímetro', 'Básico', 0),
(4, 549, 5, 0.0054, 11.1236, 'Sala Control', 'Completo', 0),
(3, 549, 2, 0.0097, 0.1466, 'Perímetro', 'Completo', 0),
(8, 549, 3, 0.0327, 0.0617, 'Zona Caliente', 'Completo', 0),
(6, 10, 1, 0.011, 0.0192, 'Reactor Core', 'Completo', 0),
(9, 10, 3, 0.0235, 4.4572, 'Sala Control', 'Completo', 0),
(18, 10, 1, 0.0129, 0.0525, 'Planta Principal', 'Completo', 0),
(9, 270, 1, 0.0156, 1.8717, 'Zona Técnica', 'Máximo', 0),
(16, 270, 1, 0.0138, 0.0311, 'Zona Caliente', 'Básico', 0),
(18, 270, 2, 0.0072, 5.4635, 'Mantenimiento', 'Básico', 0),
(4, 255, 2, 0.0103, 0.0309, 'Mantenimiento', 'Básico', 0),
(18, 295, 2, 0.013, 5.4765, 'Mantenimiento', 'Máximo', 0),
(14, 295, 4, 6.1751, 6.2065, 'Perímetro', 'Básico', 0),
(9, 295, 2, 0.0138, 1.8855, 'Mantenimiento', 'Básico', 0),
(4, 96, 2, 0.0134, 1.2316, 'Reactor Core', 'Completo', 0),
(14, 96, 1, 0.0162, 3.6106, 'Zona Técnica', 'Completo', 0),
(9, 409, 1, 0.0111, 4.4814, 'Perímetro', 'Máximo', 0),
(12, 409, 4, 0.6861, 0.7065, 'Reactor Core', 'Completo', 0),
(9, 351, 2, 0.0094, 4.4908, 'Zona Caliente', 'Máximo', 0),
(18, 78, 2, 0.0079, 0.0604, 'Zona Técnica', 'Completo', 0),
(5, 78, 3, 0.0317, 5.7891, 'Reactor Core', 'Máximo', 0),
(4, 78, 3, 0.0254, 1.257, 'Planta Principal', 'Completo', 0),
(12, 568, 2, 0.012, 0.0744, 'Perímetro', 'Máximo', 0),
(4, 568, 5, 0.0044, 11.128, 'Mantenimiento', 'Completo', 0),
(5, 183, 3, 0.0405, 2.4993, 'Zona Técnica', 'Básico', 0),
(4, 488, 2, 0.0107, 11.1387, 'Zona Caliente', 'Básico', 0),
(14, 488, 5, 0.0034, 0.061, 'Perímetro', 'Básico', 0),
(12, 322, 3, 0.0248, 0.7313, 'Planta Principal', 'Básico', 0),
(9, 322, 4, 4.4122, 8.903, 'Sala Control', 'Máximo', 0),
(14, 322, 4, 3.2858, 3.3116, 'Zona Caliente', 'Completo', 0),
(18, 363, 1, 0.011, 0.0436, 'Zona Técnica', 'Completo', 0),
(14, 363, 4, 6.1488, 9.4604, 'Reactor Core', 'Completo', 0),
(9, 224, 3, 0.0386, 1.9241, 'Perímetro', 'Completo', 0),
(4, 224, 1, 0.0132, 0.0441, 'Sala Control', 'Completo', 0),
(3, 224, 1, 0.0369, 0.1207, 'Sala Control', 'Básico', 0),
(3, 588, 2, 0.0233, 0.1699, 'Mantenimiento', 'Básico', 0),
(6, 588, 2, 0.0116, 3.4661, 'Mantenimiento', 'Completo', 0),
(14, 276, 1, 0.016, 6.2225, 'Zona Caliente', 'Completo', 0),
(5, 188, 5, 0.0035, 2.5028, 'Sala Control', 'Completo', 0),
(8, 188, 3, 0.0395, 0.1208, 'Mantenimiento', 'Básico', 0),
(5, 195, 1, 0.0162, 2.519, 'Perímetro', 'Máximo', 0),
(4, 195, 3, 0.0337, 0.0778, 'Reactor Core', 'Máximo', 0),
(12, 511, 2, 0.0106, 0.085, 'Sala Control', 'Completo', 0),
(16, 511, 3, 0.0252, 0.0891, 'Zona Técnica', 'Máximo', 0),
(14, 511, 1, 0.0135, 0.0745, 'Sala Control', 'Máximo', 0),
(18, 205, 2, 0.0119, 5.4884, 'Mantenimiento', 'Completo', 0),
(5, 241, 4, 5.785, 8.304, 'Perímetro', 'Completo', 0),
(14, 248, 1, 0.0088, 6.2313, 'Reactor Core', 'Máximo', 0),
(16, 248, 3, 0.0347, 0.0658, 'Mantenimiento', 'Completo', 0),
(16, 272, 5, 0.003, 0.0688, 'Reactor Core', 'Completo', 0),
(8, 272, 2, 0.0132, 0.134, 'Reactor Core', 'Completo', 0),
(3, 272, 2, 0.0147, 0.1354, 'Planta Principal', 'Máximo', 0),
(18, 212, 4, 3.9668, 9.4552, 'Sala Control', 'Completo', 0),
(14, 235, 3, 0.0362, 6.2675, 'Sala Control', 'Completo', 0),
(5, 235, 1, 0.0128, 8.3168, 'Perímetro', 'Básico', 0),
(3, 235, 4, 8.9672, 9.1026, 'Zona Caliente', 'Básico', 0),
(3, 208, 3, 0.0717, 9.1743, 'Mantenimiento', 'Máximo', 0),
(4, 208, 2, 0.0092, 0.087, 'Mantenimiento', 'Máximo', 0),
(14, 256, 1, 0.0083, 6.2758, 'Sala Control', 'Completo', 0),
(18, 634, 5, 0.005, 0.0541, 'Reactor Core', 'Básico', 0),
(6, 365, 4, 4.0532, 16.9725, 'Perímetro', 'Básico', 0),
(14, 365, 2, 0.0133, 9.4737, 'Sala Control', 'Completo', 0),
(5, 160, 2, 0.011, 8.3278, 'Perímetro', 'Completo', 0),
(6, 724, 2, 0.0143, 5.8209, 'Sala Control', 'Básico', 0),
(12, 724, 1, 0.0116, 0.0699, 'Zona Caliente', 'Máximo', 0),
(16, 724, 5, 0.0032, 9.6318, 'Zona Técnica', 'Completo', 0),
(9, 123, 2, 0.0078, 4.465, 'Mantenimiento', 'Completo', 0),
(12, 123, 3, 0.0349, 0.071, 'Planta Principal', 'Completo', 0),
(8, 123, 4, 1.6988, 1.7662, 'Zona Caliente', 'Completo', 0),
(5, 81, 3, 0.0203, 5.8094, 'Sala Control', 'Máximo', 0),
(9, 81, 2, 0.01, 4.475, 'Mantenimiento', 'Completo', 0),
(3, 81, 1, 0.0087, 0.0604, 'Sala Control', 'Ninguno', 0),
(18, 505, 3, 0.0409, 6.2459, 'Mantenimiento', 'Máximo', 0),
(4, 629, 1, 0.0116, 0.0753, 'Perímetro', 'Completo', 0),
(18, 7, 3, 0.0303, 0.0907, 'Sala Control', 'Completo', 0),
(5, 7, 3, 0.0261, 5.8355, 'Reactor Core', 'Máximo', 0),
(4, 7, 3, 0.0369, 1.2939, 'Zona Caliente', 'Completo', 0),
(4, 555, 1, 0.0117, 11.1504, 'Sala Control', 'Básico', 0),
(8, 44, 2, 0.0148, 1.781, 'Zona Técnica', 'Completo', 0),
(5, 44, 2, 0.0079, 5.8434, 'Zona Técnica', 'Completo', 0),
(6, 700, 5, 0.0034, 5.8243, 'Sala Control', 'Completo', 0),
(4, 700, 1, 0.0154, 0.0907, 'Sala Control', 'Completo', 0),
(5, 381, 5, 0.0041, 11.6327, 'Mantenimiento', 'Completo', 0),
(3, 381, 2, 0.0071, 7.7831, 'Mantenimiento', 'Básico', 0),
(14, 636, 2, 0.0138, 8.9127, 'Sala Control', 'Completo', 0),
(12, 636, 2, 0.015, 0.0849, 'Perímetro', 'Ninguno', 0),
(4, 323, 5, 0.0057, 10.5668, 'Reactor Core', 'Completo', 0),
(16, 323, 1, 0.0141, 0.0565, 'Zona Caliente', 'Máximo', 0),
(9, 654, 4, 1.7492, 6.7592, 'Zona Técnica', 'Completo', 0),
(4, 654, 1, 0.0098, 0.1005, 'Mantenimiento', 'Completo', 0),
(14, 654, 2, 0.0128, 8.9255, 'Reactor Core', 'Básico', 0),
(14, 714, 4, 1.6875, 10.613, 'Mantenimiento', 'Básico', 0),
(6, 282, 1, 0.0109, 3.0414, 'Zona Técnica', 'Completo', 0),
(14, 282, 5, 0.0069, 6.2827, 'Sala Control', 'Máximo', 0),
(12, 282, 1, 0.0155, 8.6109, 'Sala Control', 'Básico', 0),
(4, 503, 4, 3.319, 14.4694, 'Mantenimiento', 'Completo', 0),
(6, 503, 4, 5.0575, 8.5236, 'Planta Principal', 'Completo', 0),
(3, 759, 4, 0.7621, 0.8855, 'Zona Técnica', 'Básico', 0),
(6, 524, 4, 1.5593, 10.0829, 'Sala Control', 'Básico', 0),
(4, 287, 3, 0.0214, 0.1084, 'Perímetro', 'Máximo', 0),
(14, 287, 1, 0.0156, 6.2983, 'Planta Principal', 'Completo', 0),
(6, 408, 2, 0.0153, 16.9878, 'Mantenimiento', 'Máximo', 0),
(9, 228, 5, 0.0035, 1.9276, 'Perímetro', 'Completo', 0),
(4, 228, 5, 0.0032, 0.1116, 'Planta Principal', 'Básico', 0),
(4, 591, 1, 0.0096, 14.479, 'Zona Caliente', 'Completo', 0),
(18, 591, 3, 0.0404, 6.2863, 'Sala Control', 'Completo', 0),
(4, 132, 4, 2.8132, 4.1071, 'Planta Principal', 'Completo', 0),
(14, 56, 1, 0.0168, 3.6274, 'Mantenimiento', 'Ninguno', 0);

-- ================================================================
-- FACT_OPERACION (500 registros)
-- ================================================================
INSERT INTO fact_operacion (id_turno, id_reactor, id_empleado, id_material, id_incidente, id_mantenimiento, energia_generada_mw, temperatura_nucleo, nivel_radiacion_msv, cantidad_material, costo_operacion, horas_operativas, donuts_consumidos, eficiencia_pct) VALUES
(668, 2, 8, 4, NULL, NULL, 766.73, 283.88, 0.0100, 841.19, 43418.99, 6.0, 7, 98.30),
(179, 2, 3, 3, NULL, NULL, 748.46, 288.63, 0.0081, 1220.75, 54529.67, 8.0, 6, 95.96),
(5, 2, 6, 2, NULL, NULL, 785.45, 276.30, 0.0395, 971.11, 48150.82, 8.0, 7, 100.70),
(199, 1, 5, 3, 70, NULL, 765.65, 277.17, 0.0373, 737.52, 39080.55, 8.0, 5, 90.08),
(258, 1, 16, 1, 15, NULL, 753.80, 283.44, 0.0060, 2526.30, 48298.07, 8.0, 1, 88.68),
(607, 2, 14, 3, NULL, NULL, 777.49, 286.91, 0.0131, 833.73, 40202.66, 8.0, 3, 99.68),
(423, 4, 14, 5, 7, NULL, 908.26, 296.07, 0.0126, 1310.33, 50188.67, 6.0, 2, 95.61),
(469, 3, 9, 8, 29, NULL, 386.71, 319.23, 0.0189, 1466.69, 33412.54, 6.0, 3, 64.45),
(779, 1, 8, 2, NULL, NULL, 818.50, 290.87, 0.0264, 307.23, 41398.71, 8.0, 8, 96.29),
(535, 2, 6, 4, NULL, NULL, 714.71, 286.36, 0.0136, 3312.15, 44545.92, 4.0, 3, 91.63),
(588, 4, 14, 8, 4, NULL, 134.14, 692.07, 1.7690, 2834.96, 170290.69, 6.0, 0, 14.12),
(714, 4, 16, 7, 21, NULL, 904.97, 275.04, 0.0054, 1257.63, 52635.73, 8.0, 3, 95.26),
(245, 2, 4, 2, 68, NULL, 717.31, 283.43, 0.0312, 2702.56, 38488.27, 6.0, 7, 91.96),
(721, 2, 9, 4, NULL, NULL, 686.54, 275.00, 0.0270, 119.34, 45697.59, 4.0, 5, 88.02),
(437, 3, 18, 4, NULL, NULL, 377.00, 325.83, 0.0628, 3108.48, 31370.29, 8.0, 5, 62.83),
(114, 2, 16, 2, 52, NULL, 704.17, 285.22, 0.0298, 1891.02, 42094.25, 8.0, 5, 90.28),
(665, 2, 18, 3, NULL, NULL, 763.55, 286.92, 0.0162, 973.62, 55958.66, 6.0, 8, 97.89),
(65, 2, 16, 4, 71, NULL, 770.52, 278.32, 0.0339, 1291.67, 55989.02, 4.0, 7, 98.78),
(690, 5, 4, 10, NULL, NULL, 46.98, 289.84, 0.0078, 387.23, 55958.92, 8.0, 4, 93.96),
(283, 1, 5, 3, 22, NULL, 770.57, 289.64, 0.0196, 1216.72, 51648.07, 6.0, 2, 90.66),
(455, 3, 3, 8, 27, NULL, 364.63, 323.07, 0.0693, 2027.57, 42990.51, 6.0, 2, 60.77),
(672, 2, 9, 4, NULL, NULL, 757.06, 287.49, 0.0345, 466.18, 46905.13, 4.0, 4, 97.06),
(314, 1, 8, 2, 68, NULL, 855.27, 288.31, 0.0174, 3234.84, 47118.53, 4.0, 2, 100.62),
(729, 2, 5, 3, NULL, NULL, 756.66, 285.53, 0.0283, 148.82, 41069.70, 8.0, 3, 97.01),
(325, 2, 16, 7, 52, NULL, 707.20, 284.85, 0.0392, 3414.25, 40958.88, 4.0, 7, 90.67),
(547, 1, 3, 3, NULL, NULL, 832.92, 276.59, 0.0382, 20.01, 56556.23, 8.0, 6, 97.99),
(757, 2, 17, 7, NULL, NULL, 716.37, 304.79, 0.0314, 2551.26, 57881.31, 4.0, 2, 91.84),
(453, 1, 4, 3, NULL, NULL, 763.41, 275.14, 0.0243, 2943.86, 44161.64, 4.0, 6, 89.81),
(457, 2, 9, 2, NULL, NULL, 706.19, 275.00, 0.0318, 2973.83, 41914.31, 4.0, 1, 90.54),
(694, 3, 4, 9, 28, NULL, 426.73, 316.18, 0.0763, 522.07, 52711.17, 6.0, 2, 71.12),
(438, 2, 9, 2, 40, NULL, 722.03, 285.69, 0.0392, 2548.85, 55486.03, 8.0, 1, 92.57),
(455, 3, 14, 9, 41, NULL, 529.19, 328.96, 0.0425, 2094.79, 52410.72, 4.0, 1, 88.20),
(148, 1, 16, 7, 10, NULL, 854.09, 288.13, 0.0193, 1947.57, 56288.21, 8.0, 6, 100.48),
(728, 2, 5, 3, 27, NULL, 725.11, 284.56, 0.0244, 1067.18, 38844.66, 4.0, 4, 92.96),
(573, 3, 6, 3, NULL, NULL, 392.35, 305.51, 0.0566, 1462.96, 45914.02, 8.0, 0, 65.39),
(504, 5, 6, 10, 17, NULL, 45.80, 290.97, 0.0311, 2199.85, 49621.32, 8.0, 6, 91.60),
(488, 5, 4, 3, 72, NULL, 47.74, 287.89, 0.0346, 1122.29, 41256.94, 8.0, 0, 95.48),
(710, 1, 5, 1, 39, NULL, 794.36, 294.39, 0.0151, 682.38, 48592.25, 4.0, 1, 93.45),
(644, 1, 4, 2, 77, NULL, 844.40, 284.06, 0.0339, 2400.63, 51699.34, 8.0, 4, 99.34),
(705, 2, 17, 7, NULL, NULL, 687.71, 280.32, 0.0220, 766.48, 44806.26, 8.0, 2, 88.17),
(516, 1, 6, 1, 59, NULL, 849.22, 287.12, 0.0091, 1221.99, 40624.64, 6.0, 0, 99.91),
(708, 2, 16, 7, 25, NULL, 717.29, 287.86, 0.0095, 443.08, 51884.88, 8.0, 3, 91.96),
(134, 5, 14, 9, NULL, NULL, 44.73, 283.98, 0.0057, 691.25, 47685.10, 8.0, 6, 89.46),
(34, 3, 17, 3, 66, NULL, 550.79, 296.51, 0.0346, 3220.74, 30256.81, 8.0, 0, 91.80),
(211, 2, 6, 3, NULL, NULL, 689.37, 296.08, 0.0147, 2993.71, 49595.03, 8.0, 5, 88.38),
(747, 2, 17, 2, 14, NULL, 745.02, 298.50, 0.0055, 605.35, 42339.96, 8.0, 3, 95.52),
(773, 2, 4, 3, NULL, NULL, 772.72, 275.77, 0.0115, 2922.42, 51470.51, 8.0, 1, 99.07),
(389, 2, 17, 3, 58, NULL, 763.61, 289.96, 0.0160, 1737.88, 47318.03, 8.0, 8, 97.90),
(370, 3, 17, 3, 12, NULL, 463.68, 308.47, 0.0447, 794.43, 48404.36, 6.0, 5, 77.28),
(418, 1, 14, 2, NULL, NULL, 846.87, 294.12, 0.0179, 1390.31, 38255.72, 8.0, 7, 99.63),
(536, 3, 4, 3, 21, NULL, 444.13, 315.67, 0.0216, 1276.17, 53132.26, 8.0, 1, 74.02),
(204, 1, 18, 3, 18, NULL, 840.61, 275.00, 0.0304, 1249.56, 43570.37, 6.0, 4, 98.90),
(683, 2, 14, 4, 72, NULL, 701.34, 284.08, 0.0221, 353.11, 42616.44, 8.0, 2, 89.92),
(55, 4, 16, 8, NULL, NULL, 883.26, 289.15, 0.0288, 2315.48, 41054.73, 8.0, 1, 92.97),
(533, 3, 16, 4, 42, NULL, 464.56, 312.67, 0.0503, 66.76, 50237.04, 4.0, 4, 77.43),
(783, 1, 14, 1, 54, NULL, 782.76, 281.67, 0.0062, 1722.72, 49133.33, 8.0, 4, 92.09),
(138, 1, 14, 3, NULL, NULL, 810.86, 294.22, 0.0222, 1647.02, 49075.68, 4.0, 8, 95.40),
(576, 4, 17, 8, 34, NULL, 897.09, 298.90, 0.0173, 103.37, 57555.66, 8.0, 5, 94.43),
(47, 1, 9, 7, NULL, NULL, 812.53, 285.98, 0.0318, 1501.38, 50503.06, 8.0, 6, 95.59),
(366, 2, 3, 3, 35, NULL, 752.12, 275.00, 0.0073, 598.38, 44098.25, 8.0, 6, 96.43),
(552, 1, 16, 3, 80, NULL, 847.61, 278.35, 0.0143, 1325.19, 51919.17, 8.0, 0, 99.72),
(400, 1, 4, 3, 15, NULL, 822.60, 283.14, 0.0318, 3393.15, 44790.79, 8.0, 4, 96.78),
(207, 2, 4, 3, 41, NULL, 691.22, 296.11, 0.0399, 2601.39, 46040.55, 4.0, 3, 88.62),
(95, 3, 18, 3, NULL, NULL, 417.41, 314.82, 0.0495, 2282.12, 40677.65, 8.0, 2, 69.57),
(310, 2, 8, 4, NULL, NULL, 718.17, 282.77, 0.0230, 3083.73, 51431.20, 8.0, 8, 92.07),
(643, 3, 5, 9, 30, NULL, 562.04, 320.98, 0.0454, 2985.45, 53429.07, 4.0, 4, 93.67),
(445, 5, 3, 9, 29, NULL, 47.01, 291.12, 0.0134, 2955.21, 52928.67, 8.0, 6, 94.02),
(421, 1, 4, 2, NULL, NULL, 777.50, 286.91, 0.0290, 529.12, 42722.60, 8.0, 3, 91.47),
(29, 1, 8, 3, 68, NULL, 857.54, 292.61, 0.0198, 958.13, 56113.11, 8.0, 3, 100.89),
(30, 1, 8, 2, NULL, NULL, 752.67, 285.60, 0.0069, 1046.44, 55930.11, 4.0, 5, 88.55),
(66, 5, 14, 3, NULL, NULL, 49.76, 275.00, 0.0189, 396.20, 54796.21, 8.0, 2, 99.52),
(753, 2, 4, 7, 70, NULL, 695.55, 276.84, 0.0160, 3274.57, 54646.68, 8.0, 6, 89.17),
(224, 1, 5, 2, NULL, NULL, 796.56, 279.91, 0.0139, 1314.59, 49789.62, 4.0, 7, 93.71),
(116, 1, 14, 3, NULL, NULL, 854.45, 301.67, 0.0177, 2260.66, 52313.42, 8.0, 4, 100.52),
(621, 1, 3, 2, 36, NULL, 790.51, 275.07, 0.0274, 1874.51, 52012.34, 8.0, 6, 93.00),
(243, 4, 14, 8, 78, NULL, 112.00, 771.64, 3.5443, 1044.49, 95342.56, 8.0, 0, 11.79),
(165, 5, 9, 9, 57, NULL, 44.22, 297.95, 0.0379, 2512.26, 47421.83, 8.0, 6, 88.44),
(103, 4, 8, 8, 30, NULL, 910.36, 276.92, 0.0335, 2668.10, 52755.71, 8.0, 7, 95.83),
(657, 2, 16, 3, 1, NULL, 706.69, 284.42, 0.0089, 2401.71, 42992.07, 4.0, 2, 90.60),
(328, 2, 5, 7, 25, NULL, 746.53, 297.85, 0.0165, 1289.76, 43635.95, 6.0, 1, 95.71),
(403, 4, 18, 5, 2, NULL, 838.84, 277.73, 0.0130, 919.93, 39779.53, 8.0, 7, 88.30),
(173, 1, 18, 3, NULL, NULL, 764.49, 284.04, 0.0385, 2516.45, 41402.46, 8.0, 1, 89.94),
(446, 3, 16, 9, 17, NULL, 509.85, 301.67, 0.0710, 1340.35, 49553.05, 6.0, 2, 84.97),
(442, 4, 18, 5, NULL, NULL, 870.95, 284.32, 0.0193, 828.02, 40918.86, 8.0, 4, 91.68),
(462, 5, 9, 9, NULL, NULL, 46.98, 280.53, 0.0054, 2405.55, 40664.10, 6.0, 5, 93.96),
(731, 2, 14, 7, 11, NULL, 742.88, 305.52, 0.0215, 891.53, 45086.03, 8.0, 0, 95.24),
(635, 2, 14, 7, 19, NULL, 776.87, 293.95, 0.0064, 1727.48, 41587.44, 4.0, 2, 99.60),
(348, 4, 5, 8, 27, NULL, 901.51, 290.51, 0.0065, 3242.20, 40557.43, 8.0, 4, 94.90),
(290, 5, 8, 9, NULL, NULL, 50.02, 291.10, 0.0231, 2580.36, 46715.51, 8.0, 2, 100.04),
(504, 3, 5, 9, 8, NULL, 391.21, 303.05, 0.0173, 1530.32, 36505.60, 6.0, 5, 65.20),
(507, 1, 9, 3, 65, NULL, 760.43, 287.14, 0.0172, 2923.16, 42074.67, 8.0, 4, 89.46),
(768, 2, 8, 3, NULL, NULL, 784.92, 283.55, 0.0234, 865.32, 49415.76, 8.0, 6, 100.63),
(511, 3, 9, 3, 40, NULL, 566.08, 299.27, 0.0393, 542.45, 53228.71, 8.0, 0, 94.35),
(84, 2, 16, 4, NULL, NULL, 713.71, 284.09, 0.0065, 3316.23, 50447.30, 8.0, 7, 91.50),
(752, 5, 18, 10, 30, NULL, 44.32, 282.01, 0.0275, 1917.31, 44463.42, 8.0, 0, 88.64),
(617, 2, 14, 7, 25, NULL, 784.26, 290.30, 0.0348, 2266.85, 41258.81, 8.0, 6, 100.55),
(670, 1, 8, 3, NULL, NULL, 829.32, 285.41, 0.0373, 2330.99, 56074.69, 8.0, 2, 97.57),
(377, 2, 16, 4, NULL, NULL, 734.71, 280.26, 0.0315, 2209.25, 54219.89, 6.0, 2, 94.19),
(96, 1, 9, 3, NULL, NULL, 819.56, 284.76, 0.0300, 298.48, 56613.35, 4.0, 8, 96.42),
(480, 2, 16, 7, 21, NULL, 699.36, 300.59, 0.0233, 272.48, 43909.63, 4.0, 0, 89.66),
(47, 2, 17, 4, 58, NULL, 733.52, 279.20, 0.0302, 2051.56, 54256.50, 8.0, 5, 94.04),
(516, 1, 16, 2, NULL, NULL, 841.14, 295.97, 0.0297, 2185.22, 44278.93, 6.0, 7, 98.96),
(272, 1, 5, 2, 26, NULL, 830.55, 290.33, 0.0261, 1872.64, 55432.32, 6.0, 1, 97.71),
(6, 2, 3, 3, NULL, NULL, 733.06, 278.31, 0.0310, 2166.66, 52518.23, 8.0, 6, 93.98),
(632, 2, 14, 7, 13, NULL, 700.10, 294.58, 0.0117, 736.26, 54319.36, 8.0, 3, 89.76),
(665, 1, 6, 3, NULL, NULL, 842.83, 284.70, 0.0319, 412.02, 40963.31, 8.0, 6, 99.16),
(157, 3, 16, 9, 67, NULL, 540.56, 315.48, 0.0281, 1171.81, 44235.76, 8.0, 3, 90.09),
(106, 2, 14, 4, NULL, NULL, 761.14, 287.19, 0.0259, 1708.80, 49086.09, 8.0, 4, 97.58),
(498, 2, 18, 4, 33, NULL, 692.56, 298.41, 0.0244, 413.71, 43356.98, 6.0, 6, 88.79),
(638, 5, 9, 3, NULL, NULL, 44.14, 289.25, 0.0151, 816.20, 41844.03, 6.0, 5, 88.28),
(225, 2, 9, 4, 19, NULL, 716.15, 283.13, 0.0342, 2800.14, 51462.15, 6.0, 5, 91.81),
(166, 2, 8, 2, NULL, NULL, 699.49, 275.00, 0.0120, 3300.98, 50114.98, 6.0, 1, 89.68),
(506, 1, 6, 1, NULL, NULL, 787.65, 287.18, 0.0111, 2824.82, 55189.23, 8.0, 8, 92.66),
(346, 2, 18, 3, 17, NULL, 709.12, 300.00, 0.0140, 2696.48, 44806.48, 8.0, 5, 90.91),
(571, 1, 5, 1, NULL, NULL, 850.39, 279.82, 0.0345, 2135.75, 40218.62, 4.0, 1, 100.05),
(105, 4, 3, 8, 15, NULL, 850.58, 291.37, 0.0122, 2480.03, 45232.77, 8.0, 6, 89.53),
(781, 2, 4, 3, NULL, NULL, 720.33, 298.08, 0.0204, 2922.67, 46315.00, 8.0, 0, 92.35),
(486, 1, 17, 2, 12, NULL, 789.15, 299.84, 0.0314, 2637.46, 45212.87, 8.0, 3, 92.84),
(543, 2, 6, 3, NULL, NULL, 728.32, 280.54, 0.0348, 1551.81, 53892.15, 8.0, 5, 93.37),
(11, 3, 17, 3, 12, NULL, 426.11, 329.37, 0.0257, 3159.28, 31536.71, 8.0, 0, 71.02),
(60, 5, 17, 3, 59, NULL, 49.76, 292.78, 0.0295, 32.62, 55470.93, 8.0, 5, 99.52),
(287, 5, 18, 10, NULL, NULL, 46.90, 290.79, 0.0326, 2715.02, 51040.74, 6.0, 5, 93.80),
(309, 1, 17, 7, 55, NULL, 827.44, 297.64, 0.0358, 752.00, 48409.39, 8.0, 8, 97.35),
(524, 2, 17, 7, NULL, NULL, 702.63, 302.06, 0.0257, 3454.41, 42826.80, 6.0, 4, 90.08),
(114, 3, 9, 8, NULL, NULL, 434.44, 296.67, 0.0573, 2580.32, 33118.75, 4.0, 2, 72.41),
(465, 1, 6, 2, 50, NULL, 779.44, 290.49, 0.0325, 1821.23, 52297.09, 6.0, 2, 91.70),
(254, 1, 17, 2, NULL, NULL, 787.92, 298.30, 0.0340, 3110.34, 39638.94, 6.0, 0, 92.70),
(488, 1, 4, 7, NULL, NULL, 792.50, 295.29, 0.0246, 1748.40, 53576.49, 4.0, 4, 93.24),
(434, 5, 16, 9, NULL, NULL, 49.35, 290.57, 0.0299, 417.61, 40587.70, 4.0, 8, 98.70),
(218, 2, 3, 3, NULL, NULL, 723.85, 291.29, 0.0383, 390.62, 50032.00, 6.0, 6, 92.80),
(379, 2, 3, 3, 17, NULL, 717.32, 283.30, 0.0060, 1479.04, 40857.39, 4.0, 6, 91.96),
(313, 4, 6, 5, 70, NULL, 896.37, 292.74, 0.0093, 1686.71, 44972.98, 6.0, 0, 94.35),
(318, 2, 9, 4, 67, NULL, 759.41, 277.33, 0.0227, 525.69, 47218.72, 6.0, 7, 97.36),
(746, 1, 18, 3, 55, NULL, 847.48, 279.64, 0.0169, 2262.48, 38916.39, 8.0, 7, 99.70),
(170, 3, 18, 8, 79, NULL, 385.99, 314.58, 0.0275, 3350.74, 45467.60, 8.0, 4, 64.33),
(535, 1, 16, 1, 17, NULL, 851.45, 288.67, 0.0325, 2825.19, 42905.73, 8.0, 7, 100.17),
(622, 1, 18, 1, 69, NULL, 851.19, 289.42, 0.0169, 1114.25, 41610.16, 4.0, 0, 100.14),
(264, 1, 4, 2, 40, NULL, 768.18, 288.53, 0.0383, 3364.13, 51572.17, 4.0, 0, 90.37),
(186, 1, 3, 7, 55, NULL, 783.36, 283.40, 0.0194, 3295.81, 44484.36, 6.0, 6, 92.16),
(124, 1, 6, 2, 70, NULL, 831.14, 285.03, 0.0071, 1697.18, 47296.47, 8.0, 6, 97.78),
(418, 2, 3, 7, 78, NULL, 745.84, 290.62, 0.0086, 1069.62, 53259.57, 8.0, 6, 95.62),
(417, 2, 17, 3, NULL, NULL, 700.84, 283.30, 0.0136, 151.06, 57052.25, 6.0, 8, 89.85),
(476, 5, 18, 3, NULL, NULL, 45.09, 286.78, 0.0071, 881.86, 56436.21, 4.0, 4, 90.18),
(697, 2, 9, 3, NULL, NULL, 738.15, 300.58, 0.0247, 2907.59, 44012.77, 8.0, 6, 94.63),
(743, 2, 8, 4, 30, NULL, 737.59, 291.70, 0.0331, 3428.84, 55678.63, 8.0, 5, 94.56),
(725, 2, 6, 7, 48, NULL, 733.02, 286.84, 0.0292, 1670.47, 50928.87, 4.0, 0, 93.98),
(10, 3, 14, 9, NULL, NULL, 473.01, 322.56, 0.0572, 2354.50, 31938.08, 6.0, 0, 78.83),
(362, 5, 14, 9, 51, NULL, 45.15, 287.16, 0.0319, 1622.11, 51940.60, 8.0, 0, 90.30),
(198, 2, 6, 2, NULL, NULL, 755.41, 286.68, 0.0336, 3430.52, 50504.73, 8.0, 3, 96.85),
(372, 1, 16, 2, 1, NULL, 856.76, 282.95, 0.0273, 1753.64, 40218.93, 4.0, 4, 100.80),
(175, 2, 18, 3, 10, NULL, 699.40, 293.69, 0.0249, 675.52, 42559.30, 8.0, 8, 89.67),
(695, 1, 17, 7, NULL, NULL, 845.58, 290.47, 0.0051, 1516.76, 46542.29, 8.0, 0, 99.48),
(417, 1, 17, 3, 70, NULL, 805.16, 300.31, 0.0066, 1110.27, 56367.83, 6.0, 8, 94.72),
(402, 1, 4, 1, NULL, NULL, 772.93, 291.45, 0.0291, 579.86, 57155.51, 8.0, 3, 90.93),
(319, 1, 4, 1, 68, NULL, 837.29, 278.62, 0.0167, 838.07, 43008.19, 6.0, 1, 98.50),
(349, 4, 9, 5, NULL, NULL, 931.81, 281.84, 0.0267, 441.27, 53281.97, 4.0, 7, 98.09),
(63, 5, 14, 3, NULL, NULL, 48.51, 288.58, 0.0331, 360.89, 39095.78, 8.0, 6, 97.02),
(58, 2, 8, 4, 57, NULL, 748.99, 285.20, 0.0194, 1346.80, 55291.65, 6.0, 0, 96.02),
(439, 4, 18, 8, 29, NULL, 951.79, 289.81, 0.0165, 2085.14, 41849.63, 8.0, 1, 100.19),
(70, 2, 6, 3, NULL, NULL, 712.39, 279.39, 0.0197, 854.82, 52492.46, 8.0, 7, 91.33),
(46, 1, 8, 3, 72, NULL, 820.01, 281.37, 0.0239, 2113.64, 40912.49, 8.0, 7, 96.47),
(299, 2, 3, 3, 9, NULL, 737.82, 296.26, 0.0342, 1206.64, 55174.04, 6.0, 6, 94.59),
(206, 2, 6, 2, 48, NULL, 754.12, 280.29, 0.0260, 1052.21, 44622.91, 4.0, 5, 96.68),
(337, 1, 16, 1, 70, NULL, 849.65, 275.00, 0.0274, 749.92, 51864.41, 4.0, 7, 99.96),
(493, 3, 9, 9, 29, NULL, 398.69, 329.65, 0.0386, 407.59, 31843.28, 4.0, 0, 66.45),
(298, 2, 18, 7, 7, NULL, 689.41, 289.59, 0.0360, 864.65, 52376.73, 4.0, 5, 88.39),
(201, 1, 8, 1, 3, NULL, 822.86, 292.69, 0.0183, 3276.72, 53748.28, 8.0, 1, 96.81),
(313, 2, 9, 7, NULL, NULL, 781.83, 315.59, 0.0359, 509.79, 55567.76, 8.0, 1, 100.23),
(134, 3, 6, 9, NULL, NULL, 426.77, 310.03, 0.0563, 665.91, 53025.34, 4.0, 4, 71.13),
(549, 1, 5, 7, 35, NULL, 817.56, 284.00, 0.0148, 3100.99, 40529.17, 4.0, 8, 96.18),
(215, 3, 16, 3, 24, NULL, 441.50, 325.88, 0.0638, 630.60, 39356.65, 6.0, 4, 73.58),
(730, 2, 16, 4, 67, NULL, 745.33, 278.85, 0.0277, 3021.77, 42143.99, 6.0, 3, 95.56),
(406, 1, 14, 3, 80, NULL, 851.37, 277.21, 0.0181, 1036.19, 49011.04, 8.0, 2, 100.16),
(532, 2, 18, 2, 66, NULL, 749.38, 279.97, 0.0193, 1341.39, 54090.09, 8.0, 5, 96.07),
(184, 2, 8, 2, 51, NULL, 694.76, 292.02, 0.0345, 3243.49, 48255.82, 8.0, 1, 89.07),
(101, 1, 9, 1, 77, NULL, 784.88, 285.25, 0.0311, 2471.22, 53369.66, 8.0, 4, 92.34),
(142, 5, 17, 3, 2, NULL, 45.95, 282.59, 0.0338, 2877.41, 53662.57, 6.0, 6, 91.90),
(776, 3, 16, 4, NULL, NULL, 407.79, 320.32, 0.0286, 2652.89, 35843.08, 4.0, 4, 67.97),
(740, 4, 9, 8, 27, NULL, 859.20, 289.56, 0.0123, 1314.58, 46999.44, 8.0, 8, 90.44),
(592, 4, 8, 8, 43, NULL, 917.37, 275.72, 0.0174, 2671.13, 42509.81, 6.0, 6, 96.57),
(708, 2, 9, 2, 80, NULL, 689.67, 302.12, 0.0398, 718.70, 49363.82, 6.0, 6, 88.42),
(401, 1, 14, 2, 67, NULL, 784.34, 304.88, 0.0387, 604.13, 50780.07, 8.0, 4, 92.28),
(692, 2, 3, 4, 4, NULL, 706.58, 294.71, 0.0122, 249.58, 43822.11, 4.0, 6, 90.59),
(59, 2, 3, 3, 46, NULL, 778.65, 283.82, 0.0187, 1879.90, 57791.90, 8.0, 6, 99.83),
(490, 3, 14, 4, 19, NULL, 403.19, 310.13, 0.0611, 3287.34, 41869.50, 4.0, 4, 67.20),
(602, 1, 16, 7, 29, NULL, 857.51, 275.00, 0.0262, 3077.94, 42936.80, 4.0, 5, 100.88),
(472, 2, 3, 2, 41, NULL, 775.73, 292.99, 0.0210, 1371.86, 52006.33, 8.0, 6, 99.45),
(180, 2, 5, 4, 65, NULL, 778.76, 292.21, 0.0188, 961.85, 56913.75, 8.0, 3, 99.84),
(644, 2, 4, 3, NULL, NULL, 728.10, 297.48, 0.0317, 2645.11, 40424.61, 8.0, 5, 93.35),
(517, 3, 9, 9, 64, NULL, 413.08, 312.71, 0.0450, 1337.14, 31829.89, 6.0, 5, 68.85),
(764, 2, 6, 4, 6, NULL, 711.81, 286.90, 0.0285, 293.51, 47284.91, 8.0, 7, 91.26),
(673, 1, 16, 2, 66, NULL, 778.85, 283.81, 0.0106, 1033.04, 54769.92, 8.0, 1, 91.63),
(548, 3, 5, 3, NULL, NULL, 362.35, 304.56, 0.0436, 3124.94, 34448.51, 8.0, 5, 60.39),
(546, 1, 3, 1, 55, NULL, 782.07, 288.73, 0.0320, 1314.38, 53342.28, 8.0, 6, 92.01),
(245, 1, 3, 3, 4, NULL, 749.61, 288.25, 0.0337, 775.88, 51599.19, 8.0, 6, 88.19),
(99, 3, 5, 4, 7, NULL, 467.63, 323.55, 0.0360, 3270.47, 45669.66, 8.0, 4, 77.94),
(405, 5, 4, 10, 30, NULL, 46.32, 291.75, 0.0161, 235.73, 45783.73, 8.0, 7, 92.64),
(286, 2, 9, 2, 10, NULL, 708.56, 295.20, 0.0156, 2770.45, 49977.38, 4.0, 1, 90.84),
(583, 1, 4, 7, NULL, NULL, 824.94, 278.62, 0.0293, 240.96, 44640.93, 6.0, 5, 97.05),
(19, 2, 18, 4, 54, NULL, 751.36, 275.00, 0.0131, 79.14, 49749.37, 8.0, 0, 96.33),
(778, 4, 8, 5, 63, NULL, 929.52, 285.95, 0.0181, 719.33, 43932.29, 6.0, 2, 97.84),
(39, 1, 18, 3, NULL, NULL, 784.32, 286.08, 0.0147, 2772.27, 50872.04, 4.0, 0, 92.27),
(425, 2, 8, 2, 33, NULL, 760.71, 285.01, 0.0069, 2130.18, 56353.56, 8.0, 3, 97.53),
(391, 2, 5, 4, NULL, NULL, 692.95, 292.54, 0.0222, 3284.27, 57073.22, 8.0, 0, 88.84),
(129, 1, 18, 2, 34, NULL, 756.64, 286.92, 0.0303, 875.15, 42898.50, 4.0, 2, 89.02),
(293, 2, 6, 7, NULL, NULL, 735.19, 281.17, 0.0383, 1650.14, 45191.64, 8.0, 6, 94.26),
(433, 2, 14, 3, NULL, NULL, 766.87, 295.78, 0.0349, 1882.51, 53177.17, 4.0, 4, 98.32),
(567, 3, 8, 9, 65, NULL, 455.26, 308.13, 0.0544, 689.03, 31798.49, 6.0, 1, 75.88),
(195, 1, 17, 7, 69, NULL, 850.29, 288.97, 0.0379, 1715.98, 57409.85, 6.0, 5, 100.03),
(657, 5, 4, 3, NULL, NULL, 50.45, 301.16, 0.0107, 1786.08, 53259.02, 8.0, 4, 100.90),
(501, 2, 9, 2, NULL, NULL, 780.35, 301.08, 0.0307, 2210.18, 42847.06, 8.0, 0, 100.04),
(693, 1, 5, 7, NULL, NULL, 852.34, 291.63, 0.0252, 412.97, 51252.09, 8.0, 2, 100.28),
(95, 2, 14, 4, NULL, NULL, 785.18, 292.82, 0.0078, 2904.97, 56198.98, 8.0, 6, 100.66),
(259, 3, 17, 9, NULL, NULL, 514.13, 321.34, 0.0751, 2719.54, 51735.45, 4.0, 0, 85.69),
(353, 4, 8, 5, 80, NULL, 885.15, 279.58, 0.0336, 1839.74, 38031.57, 6.0, 1, 93.17),
(671, 1, 14, 2, 25, NULL, 768.60, 310.03, 0.0097, 1580.06, 47729.43, 8.0, 8, 90.42),
(218, 1, 3, 2, NULL, NULL, 769.20, 304.12, 0.0204, 3039.93, 56259.43, 8.0, 6, 90.49),
(171, 1, 4, 3, 18, NULL, 755.10, 286.27, 0.0060, 38.23, 42695.60, 8.0, 7, 88.84),
(273, 3, 3, 3, 14, NULL, 469.69, 295.25, 0.0542, 1658.95, 54672.42, 6.0, 2, 78.28),
(346, 2, 9, 7, NULL, NULL, 721.19, 285.64, 0.0176, 3056.41, 45969.43, 8.0, 0, 92.46),
(103, 1, 14, 2, 4, NULL, 761.58, 293.43, 0.0236, 1584.45, 57021.24, 8.0, 3, 89.60),
(703, 3, 16, 9, NULL, NULL, 360.66, 317.33, 0.0762, 3057.65, 38054.59, 8.0, 5, 60.11),
(754, 1, 16, 2, NULL, NULL, 792.22, 285.49, 0.0200, 2571.30, 56629.67, 8.0, 7, 93.20),
(301, 2, 5, 2, 18, NULL, 767.20, 285.86, 0.0155, 592.34, 51461.24, 6.0, 8, 98.36),
(457, 5, 16, 9, 76, NULL, 45.58, 297.21, 0.0295, 3251.87, 40109.39, 8.0, 0, 91.16),
(335, 5, 8, 10, NULL, NULL, 48.33, 304.87, 0.0383, 2219.25, 51412.03, 4.0, 2, 96.66),
(504, 1, 9, 2, NULL, NULL, 832.68, 278.73, 0.0182, 3382.04, 52348.85, 4.0, 6, 97.96),
(448, 4, 6, 6, 10, NULL, 846.83, 281.20, 0.0081, 2007.07, 52811.62, 8.0, 3, 89.14),
(131, 4, 14, 8, 27, NULL, 908.87, 290.93, 0.0198, 2324.78, 53425.62, 4.0, 2, 95.67),
(605, 1, 14, 1, 76, NULL, 798.90, 295.37, 0.0101, 2381.53, 56857.80, 6.0, 3, 93.99),
(151, 2, 5, 2, NULL, NULL, 717.72, 292.10, 0.0399, 1735.11, 52130.45, 8.0, 7, 92.02),
(722, 5, 3, 3, 22, NULL, 48.66, 287.75, 0.0347, 2452.92, 56688.66, 8.0, 6, 97.32),
(54, 5, 5, 3, NULL, NULL, 45.94, 295.01, 0.0106, 1481.42, 38431.32, 8.0, 6, 91.88),
(485, 5, 14, 3, 11, NULL, 48.72, 275.00, 0.0149, 345.13, 56461.28, 6.0, 8, 97.44),
(332, 3, 18, 3, NULL, NULL, 509.01, 311.01, 0.0256, 1022.33, 33439.02, 6.0, 5, 84.83),
(149, 1, 6, 1, 51, NULL, 842.60, 299.25, 0.0350, 3241.32, 45531.12, 8.0, 6, 99.13),
(99, 2, 16, 3, NULL, NULL, 698.30, 296.39, 0.0230, 2196.27, 44769.72, 8.0, 6, 89.53),
(414, 1, 4, 2, 56, NULL, 781.45, 283.95, 0.0311, 3027.81, 53517.00, 6.0, 1, 91.94),
(666, 2, 16, 7, 2, NULL, 698.23, 285.20, 0.0093, 85.48, 50828.19, 8.0, 8, 89.52),
(587, 5, 16, 3, NULL, NULL, 44.61, 281.43, 0.0400, 442.70, 52054.74, 4.0, 4, 89.22),
(334, 1, 17, 2, 57, NULL, 825.43, 283.66, 0.0188, 228.44, 54349.26, 6.0, 8, 97.11),
(599, 2, 4, 3, NULL, NULL, 777.42, 292.56, 0.0113, 141.81, 49094.44, 8.0, 5, 99.67),
(589, 1, 5, 1, 79, NULL, 842.09, 297.81, 0.0062, 1275.64, 57598.57, 8.0, 8, 99.07),
(558, 1, 3, 2, 43, NULL, 852.56, 275.00, 0.0281, 1719.10, 46898.41, 4.0, 6, 100.30),
(321, 2, 9, 3, NULL, NULL, 753.59, 286.30, 0.0066, 2997.02, 38734.68, 8.0, 2, 96.61),
(221, 5, 18, 9, 31, NULL, 46.33, 295.72, 0.0076, 1403.21, 43099.35, 8.0, 6, 92.66),
(86, 5, 14, 9, 21, NULL, 45.32, 296.07, 0.0270, 1974.93, 43387.99, 8.0, 3, 90.64),
(664, 4, 18, 5, 36, NULL, 854.96, 296.52, 0.0059, 440.55, 50072.14, 8.0, 1, 90.00),
(113, 3, 14, 3, 47, NULL, 378.68, 326.82, 0.0656, 39.47, 33658.24, 8.0, 1, 63.11),
(387, 5, 6, 3, NULL, NULL, 49.09, 287.60, 0.0093, 2875.59, 48529.51, 4.0, 4, 98.18),
(502, 1, 9, 7, 78, NULL, 815.13, 291.90, 0.0381, 1933.09, 45791.27, 4.0, 5, 95.90),
(413, 2, 5, 7, 2, NULL, 738.48, 285.04, 0.0104, 2575.30, 40527.37, 4.0, 6, 94.68),
(55, 5, 9, 9, NULL, NULL, 48.41, 280.29, 0.0204, 1007.43, 45080.03, 4.0, 7, 96.82),
(439, 2, 6, 7, NULL, NULL, 695.22, 292.35, 0.0157, 273.04, 53411.57, 8.0, 1, 89.13),
(246, 5, 5, 9, 9, NULL, 48.83, 279.21, 0.0356, 3263.88, 57243.33, 4.0, 6, 97.66),
(140, 2, 17, 2, 57, NULL, 748.89, 284.89, 0.0369, 2625.09, 52918.35, 4.0, 6, 96.01),
(251, 5, 17, 9, NULL, NULL, 47.95, 299.69, 0.0359, 267.55, 48470.33, 8.0, 3, 95.90),
(137, 2, 3, 4, 70, NULL, 703.69, 285.36, 0.0389, 2911.88, 44759.17, 8.0, 6, 90.22),
(121, 1, 16, 7, 38, NULL, 748.25, 282.57, 0.0373, 3274.27, 56582.18, 8.0, 8, 88.03),
(633, 4, 3, 6, 1, NULL, 892.85, 282.13, 0.0154, 3116.24, 40143.28, 8.0, 6, 93.98),
(191, 2, 3, 2, 61, NULL, 706.43, 275.00, 0.0194, 548.93, 56262.18, 8.0, 6, 90.57),
(405, 2, 9, 4, NULL, NULL, 740.79, 284.89, 0.0144, 493.86, 57787.38, 8.0, 7, 94.97),
(766, 2, 9, 3, 16, NULL, 715.29, 293.58, 0.0166, 3359.15, 38632.13, 6.0, 3, 91.70),
(273, 1, 16, 3, NULL, NULL, 826.93, 294.23, 0.0164, 2542.35, 53287.85, 4.0, 6, 97.29),
(760, 4, 14, 5, 10, NULL, 849.32, 292.61, 0.0225, 2375.69, 53347.70, 8.0, 3, 89.40),
(351, 2, 18, 2, 61, NULL, 715.75, 288.62, 0.0220, 537.97, 53218.00, 4.0, 3, 91.76),
(524, 1, 8, 1, NULL, NULL, 857.87, 288.25, 0.0119, 2140.80, 52129.22, 4.0, 1, 100.93),
(194, 5, 18, 9, NULL, NULL, 45.49, 302.83, 0.0096, 1494.93, 38767.33, 8.0, 3, 90.98),
(632, 1, 3, 3, 58, NULL, 781.86, 284.12, 0.0168, 1497.62, 47583.90, 4.0, 6, 91.98),
(53, 1, 8, 7, 40, NULL, 786.79, 283.69, 0.0196, 147.91, 44396.82, 8.0, 0, 92.56),
(54, 3, 9, 4, 40, NULL, 418.83, 316.23, 0.0430, 1173.32, 36306.58, 8.0, 3, 69.80),
(115, 1, 3, 2, 47, NULL, 829.91, 279.05, 0.0235, 739.07, 45431.85, 8.0, 6, 97.64),
(394, 1, 4, 2, NULL, NULL, 814.50, 298.63, 0.0064, 2467.79, 57366.60, 8.0, 3, 95.82),
(102, 1, 17, 7, 43, NULL, 800.40, 288.68, 0.0104, 2492.05, 40556.64, 4.0, 6, 94.16),
(778, 4, 17, 6, 77, NULL, 891.39, 278.14, 0.0301, 1469.42, 56216.98, 6.0, 1, 93.83),
(516, 3, 5, 8, NULL, NULL, 387.08, 296.59, 0.0518, 2593.80, 49859.76, 8.0, 5, 64.51),
(408, 2, 17, 2, 24, NULL, 762.52, 277.62, 0.0190, 564.21, 43429.88, 8.0, 2, 97.76),
(224, 2, 3, 4, 71, NULL, 759.47, 297.25, 0.0141, 2480.35, 55049.50, 8.0, 6, 97.37),
(566, 1, 6, 1, 75, NULL, 780.25, 275.79, 0.0147, 3463.43, 40659.43, 8.0, 0, 91.79),
(216, 2, 3, 7, NULL, NULL, 784.98, 275.00, 0.0164, 927.81, 56928.56, 4.0, 6, 100.64),
(137, 2, 18, 7, 46, NULL, 692.21, 294.00, 0.0127, 3400.76, 57304.55, 8.0, 2, 88.74),
(551, 3, 18, 3, NULL, NULL, 504.50, 328.10, 0.0317, 725.53, 45655.74, 4.0, 4, 84.08),
(453, 1, 8, 2, NULL, NULL, 837.25, 275.00, 0.0314, 1293.40, 41112.83, 6.0, 3, 98.50),
(491, 1, 5, 3, 26, NULL, 843.29, 291.48, 0.0305, 574.40, 50951.29, 8.0, 0, 99.21),
(182, 4, 18, 5, 6, NULL, 844.90, 296.61, 0.0136, 2536.45, 56182.62, 8.0, 6, 88.94),
(141, 3, 3, 3, 53, NULL, 364.35, 323.93, 0.0646, 872.96, 46112.05, 8.0, 0, 60.73),
(86, 1, 18, 1, NULL, NULL, 749.04, 290.59, 0.0336, 491.61, 55054.40, 8.0, 1, 88.12),
(778, 2, 16, 3, 44, NULL, 734.96, 278.34, 0.0135, 435.15, 48870.53, 4.0, 4, 94.23),
(146, 1, 6, 1, 32, NULL, 790.58, 284.02, 0.0373, 597.61, 51688.35, 6.0, 1, 93.01),
(113, 1, 8, 7, 11, NULL, 784.88, 293.24, 0.0176, 2117.75, 56494.04, 8.0, 1, 92.34),
(183, 2, 9, 3, NULL, NULL, 701.63, 284.63, 0.0336, 3207.24, 44967.71, 8.0, 1, 89.95),
(678, 2, 8, 2, NULL, NULL, 773.78, 282.12, 0.0392, 521.49, 53555.68, 8.0, 2, 99.20),
(458, 3, 16, 3, 16, NULL, 449.77, 320.43, 0.0244, 2687.54, 38076.34, 8.0, 1, 74.96),
(362, 1, 14, 3, NULL, NULL, 793.74, 289.95, 0.0331, 1468.22, 51079.08, 6.0, 3, 93.38),
(510, 2, 16, 3, 54, NULL, 745.31, 281.06, 0.0198, 827.00, 49557.53, 8.0, 3, 95.55),
(3, 1, 3, 7, 79, NULL, 853.82, 290.46, 0.0172, 1034.97, 54975.03, 8.0, 6, 100.45),
(148, 4, 17, 7, 21, NULL, 938.24, 286.66, 0.0070, 2567.12, 40756.03, 6.0, 2, 98.76),
(713, 5, 9, 10, NULL, NULL, 48.31, 301.64, 0.0355, 281.08, 38603.71, 8.0, 5, 96.62),
(79, 1, 14, 2, NULL, NULL, 799.91, 294.82, 0.0099, 1443.27, 48549.00, 6.0, 4, 94.11),
(346, 2, 3, 7, 16, NULL, 692.48, 281.19, 0.0111, 2915.22, 41206.98, 6.0, 6, 88.78),
(697, 5, 16, 9, NULL, NULL, 45.68, 279.50, 0.0250, 3260.42, 44120.68, 6.0, 3, 91.36),
(279, 5, 17, 3, NULL, NULL, 44.81, 290.64, 0.0127, 2946.79, 41673.88, 4.0, 8, 89.62),
(710, 2, 9, 4, NULL, NULL, 703.11, 298.80, 0.0331, 383.86, 50932.94, 8.0, 3, 90.14),
(80, 2, 9, 2, 34, NULL, 702.90, 292.33, 0.0054, 710.03, 56193.74, 4.0, 3, 90.12),
(34, 1, 4, 1, 79, NULL, 835.32, 291.42, 0.0066, 3431.99, 44291.61, 8.0, 4, 98.27),
(770, 1, 14, 2, 45, NULL, 791.17, 285.40, 0.0286, 1760.11, 44626.36, 8.0, 8, 93.08),
(154, 1, 14, 3, NULL, NULL, 842.15, 291.32, 0.0152, 3098.79, 41030.76, 8.0, 7, 99.08),
(96, 5, 6, 10, NULL, NULL, 48.25, 288.56, 0.0387, 1568.94, 48326.02, 8.0, 8, 96.50),
(135, 1, 9, 3, 6, NULL, 826.76, 283.29, 0.0289, 1986.32, 42782.21, 8.0, 1, 97.27),
(510, 1, 3, 2, NULL, NULL, 782.20, 297.62, 0.0363, 1101.45, 47978.25, 6.0, 6, 92.02),
(303, 1, 8, 7, 50, NULL, 755.86, 277.43, 0.0299, 2672.20, 47214.82, 8.0, 7, 88.92),
(453, 3, 5, 3, NULL, NULL, 462.53, 307.72, 0.0336, 1545.69, 40225.83, 8.0, 4, 77.09),
(525, 4, 9, 6, 8, NULL, 887.03, 275.00, 0.0397, 2450.61, 38853.51, 8.0, 0, 93.37),
(575, 1, 4, 7, 53, NULL, 811.00, 293.06, 0.0349, 1224.54, 42461.03, 8.0, 7, 95.41),
(112, 1, 4, 3, NULL, NULL, 770.04, 284.68, 0.0399, 977.92, 47725.90, 8.0, 7, 90.59),
(40, 2, 16, 3, NULL, NULL, 718.87, 294.15, 0.0061, 3277.93, 50021.55, 8.0, 6, 92.16),
(371, 3, 16, 4, 8, NULL, 542.28, 328.34, 0.0594, 297.15, 36746.20, 8.0, 5, 90.38),
(71, 1, 4, 7, NULL, NULL, 797.88, 283.14, 0.0363, 3132.87, 41681.57, 8.0, 0, 93.87),
(439, 1, 8, 2, 28, NULL, 852.08, 290.68, 0.0219, 1244.65, 48710.13, 6.0, 2, 100.24),
(710, 2, 3, 3, 11, NULL, 754.13, 282.74, 0.0395, 54.58, 56779.38, 8.0, 6, 96.68),
(470, 5, 16, 3, 16, NULL, 50.30, 283.27, 0.0192, 3301.92, 48413.83, 6.0, 0, 100.60),
(129, 2, 18, 2, 6, NULL, 762.01, 292.72, 0.0321, 738.12, 50018.87, 8.0, 3, 97.69),
(196, 5, 18, 10, 52, NULL, 46.36, 299.42, 0.0156, 2272.95, 44139.31, 6.0, 1, 92.72),
(467, 2, 9, 7, NULL, NULL, 729.58, 295.14, 0.0374, 1936.87, 47176.47, 8.0, 5, 93.54),
(167, 2, 14, 7, NULL, NULL, 756.22, 286.83, 0.0203, 2821.76, 43664.97, 8.0, 1, 96.95),
(107, 1, 3, 3, 15, NULL, 830.87, 280.85, 0.0272, 2338.65, 48067.23, 8.0, 6, 97.75),
(431, 1, 16, 3, 17, NULL, 842.63, 280.96, 0.0383, 3178.44, 45012.27, 6.0, 7, 99.13),
(661, 3, 14, 3, NULL, NULL, 524.26, 312.76, 0.0324, 2358.19, 46467.05, 6.0, 2, 87.38),
(5, 5, 14, 10, 3, NULL, 45.00, 277.62, 0.0337, 3357.27, 49998.91, 8.0, 5, 90.00),
(441, 1, 14, 2, NULL, NULL, 791.46, 298.46, 0.0068, 3288.17, 56638.81, 8.0, 6, 93.11),
(400, 5, 5, 3, NULL, NULL, 47.36, 284.62, 0.0330, 2931.50, 48085.14, 8.0, 6, 94.72),
(163, 5, 6, 10, 14, NULL, 46.84, 289.40, 0.0270, 2477.98, 49865.76, 4.0, 0, 93.68),
(81, 2, 3, 3, NULL, NULL, 750.73, 288.89, 0.0278, 1876.28, 42435.10, 8.0, 6, 96.25),
(252, 3, 14, 8, NULL, NULL, 417.74, 327.72, 0.0558, 392.71, 45959.66, 8.0, 4, 69.62),
(611, 1, 5, 7, 37, NULL, 767.96, 282.94, 0.0077, 356.85, 54892.47, 6.0, 3, 90.35),
(23, 2, 16, 2, 30, NULL, 728.98, 296.72, 0.0208, 3163.22, 41222.07, 8.0, 4, 93.46),
(676, 2, 18, 2, 17, NULL, 721.16, 280.76, 0.0171, 558.57, 57898.32, 8.0, 8, 92.46),
(760, 1, 4, 2, NULL, NULL, 807.22, 275.00, 0.0126, 1149.75, 45297.81, 8.0, 3, 94.97),
(226, 1, 5, 7, 39, NULL, 770.02, 286.47, 0.0082, 2609.45, 52161.67, 6.0, 4, 90.59),
(508, 2, 14, 3, 36, NULL, 706.46, 295.22, 0.0387, 2780.38, 40057.89, 8.0, 4, 90.57),
(740, 2, 16, 4, NULL, NULL, 713.95, 277.53, 0.0162, 703.02, 40151.18, 6.0, 6, 91.53),
(362, 2, 4, 4, 24, NULL, 689.82, 277.39, 0.0153, 1397.08, 54533.73, 8.0, 8, 88.44),
(118, 1, 9, 3, NULL, NULL, 787.53, 287.24, 0.0075, 2729.40, 51139.09, 8.0, 5, 92.65),
(126, 1, 3, 7, 30, NULL, 810.71, 285.47, 0.0073, 1847.78, 43672.29, 8.0, 6, 95.38),
(106, 2, 18, 2, NULL, NULL, 751.93, 293.24, 0.0289, 693.95, 46704.11, 8.0, 5, 96.40),
(506, 2, 8, 4, 17, NULL, 732.31, 279.40, 0.0133, 3457.90, 38425.37, 4.0, 0, 93.89),
(473, 1, 14, 1, NULL, NULL, 849.44, 281.63, 0.0064, 337.44, 50895.51, 6.0, 1, 99.93),
(426, 3, 8, 8, NULL, NULL, 444.07, 314.48, 0.0354, 2439.12, 45308.02, 8.0, 3, 74.01),
(466, 2, 4, 7, NULL, NULL, 696.82, 290.43, 0.0099, 599.82, 57870.81, 8.0, 6, 89.34),
(196, 3, 9, 3, NULL, NULL, 542.28, 304.09, 0.0660, 926.73, 32770.09, 8.0, 2, 90.38),
(705, 2, 14, 7, NULL, NULL, 780.18, 302.75, 0.0254, 2636.86, 40398.03, 8.0, 5, 100.02),
(424, 2, 4, 3, NULL, NULL, 753.45, 294.97, 0.0306, 2491.28, 42516.61, 8.0, 4, 96.60),
(362, 2, 6, 3, NULL, NULL, 694.02, 286.96, 0.0223, 2865.70, 42249.51, 6.0, 3, 88.98),
(193, 2, 9, 3, NULL, NULL, 763.63, 281.09, 0.0381, 374.28, 52170.25, 4.0, 2, 97.90),
(134, 1, 9, 3, NULL, NULL, 843.90, 287.39, 0.0230, 976.05, 53600.42, 8.0, 3, 99.28),
(169, 3, 18, 3, 21, NULL, 544.00, 321.08, 0.0306, 104.91, 52352.45, 8.0, 1, 90.67),
(678, 2, 9, 7, 17, NULL, 742.20, 284.63, 0.0189, 1547.49, 46616.97, 8.0, 5, 95.15),
(379, 1, 14, 3, 28, NULL, 768.93, 292.38, 0.0112, 1520.31, 43518.51, 4.0, 7, 90.46),
(698, 1, 6, 1, 31, NULL, 753.87, 294.14, 0.0073, 2449.80, 40020.64, 4.0, 3, 88.69),
(415, 2, 4, 3, NULL, NULL, 775.58, 289.40, 0.0144, 2230.96, 42114.11, 8.0, 3, 99.43),
(723, 2, 3, 2, 26, NULL, 778.45, 278.56, 0.0348, 1106.32, 51758.72, 8.0, 6, 99.80),
(72, 1, 9, 3, 20, NULL, 749.41, 278.90, 0.0216, 3085.00, 44681.08, 8.0, 2, 88.17),
(175, 3, 3, 8, NULL, NULL, 482.46, 312.09, 0.0311, 2381.76, 32734.65, 4.0, 0, 80.41),
(298, 4, 17, 5, 65, NULL, 931.74, 299.68, 0.0167, 904.40, 47813.24, 4.0, 5, 98.08),
(499, 1, 16, 1, NULL, NULL, 781.28, 296.49, 0.0167, 948.43, 48356.62, 8.0, 7, 91.92),
(532, 3, 3, 4, NULL, NULL, 539.82, 318.08, 0.0242, 2594.84, 42445.81, 4.0, 1, 89.97),
(442, 2, 4, 3, NULL, NULL, 724.71, 292.98, 0.0269, 616.46, 48898.33, 4.0, 7, 92.91),
(696, 1, 9, 3, NULL, NULL, 852.45, 292.02, 0.0147, 2920.43, 41811.45, 8.0, 8, 100.29),
(126, 2, 16, 7, 41, NULL, 784.70, 275.83, 0.0213, 1955.70, 41004.56, 4.0, 4, 100.60),
(167, 1, 8, 1, NULL, NULL, 749.72, 288.08, 0.0064, 1711.84, 43660.35, 8.0, 1, 88.20),
(52, 1, 9, 7, NULL, NULL, 803.47, 297.92, 0.0384, 1515.02, 52263.94, 8.0, 2, 94.53),
(83, 1, 3, 3, NULL, NULL, 775.48, 285.36, 0.0287, 3384.34, 45724.82, 6.0, 6, 91.23),
(101, 4, 8, 6, 15, NULL, 889.82, 298.28, 0.0099, 1460.01, 53353.21, 8.0, 4, 93.67),
(205, 1, 4, 7, 80, NULL, 817.43, 277.84, 0.0241, 489.44, 45519.32, 8.0, 6, 96.17),
(453, 3, 17, 8, 66, NULL, 449.81, 309.72, 0.0417, 3351.43, 30691.82, 8.0, 4, 74.97),
(432, 1, 5, 7, NULL, NULL, 812.13, 280.22, 0.0365, 445.15, 55556.10, 6.0, 0, 95.54),
(687, 1, 17, 3, NULL, NULL, 757.35, 295.97, 0.0145, 2082.22, 57723.47, 8.0, 1, 89.10),
(298, 2, 9, 2, 18, NULL, 745.68, 275.32, 0.0296, 481.73, 48325.28, 6.0, 8, 95.60),
(692, 2, 5, 7, NULL, NULL, 759.32, 287.14, 0.0378, 239.66, 54112.34, 8.0, 3, 97.35),
(157, 2, 4, 2, 35, NULL, 696.91, 297.38, 0.0187, 1695.60, 56520.89, 6.0, 4, 89.35),
(189, 4, 17, 6, 70, NULL, 920.14, 289.47, 0.0351, 2228.51, 50343.17, 8.0, 6, 96.86),
(190, 1, 6, 2, 72, NULL, 825.31, 290.81, 0.0151, 2338.61, 40000.39, 8.0, 7, 97.10),
(401, 2, 4, 4, 59, NULL, 729.48, 296.71, 0.0060, 2033.98, 47141.65, 8.0, 6, 93.52),
(35, 2, 18, 4, 6, NULL, 778.38, 296.74, 0.0303, 1754.73, 43538.08, 8.0, 2, 99.79),
(516, 1, 17, 3, 72, NULL, 767.28, 285.92, 0.0103, 2504.56, 51118.67, 6.0, 5, 90.27),
(144, 1, 8, 3, 10, NULL, 840.75, 275.00, 0.0262, 910.99, 41607.49, 4.0, 8, 98.91),
(715, 1, 18, 7, NULL, NULL, 839.70, 290.09, 0.0074, 342.41, 38590.44, 8.0, 2, 98.79),
(109, 2, 16, 7, NULL, NULL, 785.91, 292.67, 0.0133, 2646.57, 55995.89, 6.0, 2, 100.76),
(431, 5, 3, 9, 36, NULL, 44.24, 275.88, 0.0312, 2124.83, 46830.57, 8.0, 6, 88.48),
(31, 5, 9, 10, NULL, NULL, 46.45, 298.42, 0.0120, 793.11, 43049.90, 8.0, 7, 92.90),
(760, 1, 17, 2, 13, NULL, 750.68, 287.27, 0.0386, 3127.05, 39924.12, 8.0, 0, 88.32),
(369, 3, 18, 3, 48, NULL, 503.30, 328.52, 0.0623, 1998.44, 43203.86, 8.0, 1, 83.88),
(486, 2, 9, 3, NULL, NULL, 730.90, 276.52, 0.0249, 357.69, 40543.85, 8.0, 8, 93.71),
(511, 1, 18, 7, 4, NULL, 838.76, 276.45, 0.0151, 242.50, 54562.97, 8.0, 6, 98.68),
(162, 5, 4, 9, NULL, NULL, 49.55, 296.57, 0.0190, 1651.07, 39132.96, 4.0, 1, 99.10),
(270, 3, 3, 8, 59, NULL, 402.11, 326.08, 0.0189, 3234.99, 35105.83, 8.0, 5, 67.02),
(680, 5, 3, 10, 70, NULL, 49.24, 284.09, 0.0247, 1213.73, 50200.03, 8.0, 6, 98.48),
(73, 5, 18, 9, NULL, NULL, 44.52, 275.00, 0.0145, 1779.08, 38834.82, 6.0, 0, 89.04),
(311, 3, 6, 3, NULL, NULL, 365.53, 322.36, 0.0278, 1935.97, 45203.47, 8.0, 3, 60.92),
(54, 2, 14, 3, 61, NULL, 729.68, 281.85, 0.0098, 681.79, 46759.06, 8.0, 5, 93.55),
(448, 5, 6, 10, 13, NULL, 44.07, 276.58, 0.0333, 3057.03, 48724.35, 8.0, 0, 88.14),
(256, 4, 4, 8, 11, NULL, 858.30, 294.95, 0.0065, 458.36, 44993.35, 8.0, 3, 90.35),
(408, 2, 4, 2, 11, NULL, 781.55, 291.42, 0.0335, 2497.40, 55952.80, 6.0, 3, 100.20),
(376, 3, 8, 4, 74, NULL, 416.18, 319.42, 0.0477, 1704.30, 31349.94, 4.0, 3, 69.36),
(81, 1, 5, 2, 43, NULL, 809.10, 300.03, 0.0093, 3422.79, 52498.22, 8.0, 2, 95.19),
(716, 2, 16, 2, 3, NULL, 771.20, 286.64, 0.0155, 2991.74, 57301.93, 8.0, 0, 98.87),
(394, 2, 14, 4, 63, NULL, 709.16, 298.57, 0.0183, 2313.11, 51198.51, 8.0, 8, 90.92),
(33, 2, 9, 2, NULL, NULL, 762.90, 280.26, 0.0142, 1196.60, 53066.37, 8.0, 3, 97.81),
(637, 2, 14, 2, NULL, NULL, 742.50, 300.86, 0.0383, 1624.94, 56649.45, 4.0, 4, 95.19),
(587, 3, 17, 8, 23, NULL, 440.07, 321.10, 0.0751, 2799.56, 33296.82, 8.0, 0, 73.34),
(281, 1, 6, 7, 48, NULL, 791.60, 282.33, 0.0281, 1077.60, 53648.53, 8.0, 0, 93.13),
(677, 1, 8, 2, 63, NULL, 749.91, 282.97, 0.0053, 2233.91, 38740.08, 6.0, 5, 88.22),
(570, 1, 3, 1, 39, NULL, 815.44, 286.86, 0.0113, 912.10, 53319.54, 8.0, 6, 95.93),
(507, 1, 5, 2, NULL, NULL, 820.49, 290.68, 0.0131, 3012.69, 51092.02, 4.0, 2, 96.53),
(594, 1, 17, 2, 9, NULL, 826.96, 287.65, 0.0287, 2515.53, 55149.81, 4.0, 5, 97.29),
(615, 1, 4, 1, 71, NULL, 760.51, 294.16, 0.0077, 254.52, 42080.84, 6.0, 5, 89.47),
(437, 4, 5, 8, 28, NULL, 933.34, 283.83, 0.0278, 113.90, 47413.70, 4.0, 4, 98.25),
(378, 1, 5, 1, 15, NULL, 771.37, 295.05, 0.0160, 2496.38, 52315.36, 4.0, 8, 90.75),
(221, 2, 18, 2, NULL, NULL, 701.62, 288.92, 0.0384, 1764.72, 57172.50, 4.0, 3, 89.95),
(589, 2, 14, 2, NULL, NULL, 739.91, 276.46, 0.0068, 1546.36, 47446.58, 4.0, 8, 94.86),
(276, 1, 18, 7, NULL, NULL, 784.32, 294.68, 0.0131, 1560.30, 44296.33, 8.0, 1, 92.27),
(420, 2, 9, 2, NULL, NULL, 752.65, 275.00, 0.0262, 1994.85, 46979.36, 8.0, 6, 96.49),
(129, 5, 6, 3, NULL, NULL, 48.33, 276.76, 0.0170, 1770.07, 40359.28, 6.0, 6, 96.66),
(152, 2, 6, 3, NULL, NULL, 687.97, 279.22, 0.0092, 2601.27, 43267.52, 6.0, 8, 88.20),
(130, 4, 14, 8, 59, NULL, 958.26, 298.82, 0.0372, 1411.10, 56085.21, 8.0, 5, 100.87),
(571, 1, 8, 1, 48, NULL, 839.13, 299.87, 0.0168, 262.77, 50175.15, 8.0, 1, 98.72),
(364, 5, 14, 9, 63, NULL, 49.43, 285.77, 0.0097, 537.14, 41669.02, 8.0, 8, 98.86),
(8, 2, 9, 4, 54, NULL, 730.87, 296.83, 0.0228, 1044.23, 49761.62, 8.0, 1, 93.70),
(350, 1, 17, 3, 40, NULL, 790.44, 288.91, 0.0065, 1819.38, 56901.05, 6.0, 3, 92.99),
(589, 4, 9, 8, 30, NULL, 856.45, 275.00, 0.0151, 1013.23, 47732.71, 8.0, 3, 90.15),
(266, 5, 4, 10, NULL, NULL, 44.92, 292.09, 0.0314, 1885.02, 38547.00, 4.0, 0, 89.84),
(200, 1, 3, 7, 29, NULL, 852.07, 302.73, 0.0250, 445.99, 52641.79, 4.0, 6, 100.24),
(465, 1, 4, 1, 63, NULL, 795.77, 286.69, 0.0398, 2813.73, 52632.67, 8.0, 1, 93.62),
(763, 3, 4, 8, 22, NULL, 430.42, 310.87, 0.0628, 3123.49, 46802.04, 8.0, 0, 71.74),
(40, 2, 17, 7, 27, NULL, 743.00, 303.94, 0.0343, 483.38, 50521.62, 8.0, 0, 95.26),
(386, 4, 6, 5, 23, NULL, 854.70, 293.08, 0.0149, 3000.76, 41971.46, 4.0, 1, 89.97),
(768, 1, 14, 1, 69, NULL, 815.54, 276.02, 0.0298, 1334.11, 38776.25, 4.0, 4, 95.95),
(598, 1, 9, 3, 75, NULL, 853.45, 299.04, 0.0356, 2094.46, 51359.52, 6.0, 7, 100.41),
(557, 2, 4, 3, 16, NULL, 775.72, 277.36, 0.0314, 869.65, 43745.43, 8.0, 7, 99.45),
(436, 1, 16, 7, NULL, NULL, 786.41, 284.64, 0.0359, 1444.95, 54802.42, 4.0, 7, 92.52),
(241, 1, 8, 2, NULL, NULL, 834.50, 290.50, 0.0071, 1442.25, 53435.97, 8.0, 4, 98.18),
(453, 2, 8, 2, 38, NULL, 760.24, 280.09, 0.0158, 725.67, 46196.23, 4.0, 2, 97.47),
(641, 1, 18, 7, 19, NULL, 807.64, 300.49, 0.0383, 2732.62, 38422.35, 8.0, 6, 95.02),
(342, 5, 17, 10, NULL, NULL, 47.37, 284.55, 0.0105, 2805.49, 48713.98, 8.0, 3, 94.74),
(383, 1, 6, 2, NULL, NULL, 751.99, 292.05, 0.0057, 1395.79, 56807.10, 4.0, 1, 88.47),
(497, 1, 8, 7, 4, NULL, 817.79, 287.20, 0.0312, 463.52, 54259.92, 6.0, 6, 96.21),
(759, 4, 4, 8, 7, NULL, 925.18, 286.06, 0.0317, 2119.03, 46307.60, 4.0, 0, 97.39),
(156, 1, 18, 3, 28, NULL, 814.93, 285.30, 0.0229, 713.32, 38468.64, 6.0, 4, 95.87),
(271, 5, 18, 3, 53, NULL, 46.79, 294.54, 0.0128, 999.06, 46126.61, 6.0, 4, 93.58),
(720, 2, 6, 4, 3, NULL, 736.80, 281.94, 0.0241, 3413.29, 40166.09, 4.0, 3, 94.46),
(407, 3, 16, 8, 67, NULL, 382.88, 305.87, 0.0243, 1965.29, 45747.85, 8.0, 0, 63.81),
(213, 4, 16, 5, 8, NULL, 885.79, 292.79, 0.0343, 2687.09, 48468.11, 8.0, 3, 93.24),
(259, 2, 9, 3, 6, NULL, 756.26, 275.00, 0.0144, 1911.83, 42184.48, 6.0, 8, 96.96),
(321, 5, 6, 3, 65, NULL, 47.14, 278.58, 0.0244, 1492.83, 52793.70, 8.0, 1, 94.28),
(80, 2, 3, 3, 73, NULL, 698.72, 293.24, 0.0090, 601.67, 55710.06, 6.0, 6, 89.58),
(538, 2, 17, 4, 56, NULL, 716.49, 303.28, 0.0202, 1131.74, 43884.47, 4.0, 4, 91.86),
(381, 2, 5, 3, 41, NULL, 755.86, 294.42, 0.0180, 741.11, 50090.36, 6.0, 7, 96.91),
(339, 5, 5, 10, 74, NULL, 49.39, 275.00, 0.0053, 239.33, 46326.06, 6.0, 2, 98.78),
(6, 1, 6, 2, NULL, NULL, 807.42, 286.62, 0.0214, 3092.28, 41129.06, 4.0, 5, 94.99),
(354, 2, 6, 7, 40, NULL, 778.83, 290.48, 0.0199, 2685.63, 52586.46, 4.0, 5, 99.85),
(261, 2, 6, 2, NULL, NULL, 696.84, 289.05, 0.0247, 2258.68, 40534.08, 4.0, 8, 89.34),
(393, 1, 18, 7, NULL, NULL, 829.47, 292.90, 0.0266, 14.33, 56184.59, 8.0, 3, 97.58),
(238, 5, 4, 9, 21, NULL, 45.07, 292.99, 0.0364, 1491.79, 39043.78, 6.0, 8, 90.14),
(484, 1, 17, 1, 34, NULL, 791.45, 282.99, 0.0321, 2936.08, 52124.89, 8.0, 5, 93.11),
(325, 2, 18, 3, NULL, NULL, 782.27, 294.32, 0.0344, 2400.36, 49209.72, 8.0, 7, 100.29),
(572, 4, 9, 5, 3, NULL, 881.16, 277.09, 0.0213, 2161.32, 51400.78, 8.0, 6, 92.75),
(196, 2, 5, 2, 28, NULL, 723.00, 291.61, 0.0165, 3225.87, 56220.82, 4.0, 4, 92.69),
(622, 1, 8, 3, 56, NULL, 858.03, 298.00, 0.0296, 2882.52, 43483.48, 4.0, 0, 100.94),
(736, 5, 18, 9, 64, NULL, 45.13, 288.00, 0.0241, 2147.16, 40077.75, 8.0, 5, 90.26),
(731, 1, 5, 2, 12, NULL, 840.16, 276.45, 0.0092, 345.68, 46867.56, 8.0, 0, 98.84),
(558, 1, 6, 1, 47, NULL, 822.25, 301.80, 0.0109, 54.53, 57725.41, 4.0, 5, 96.74),
(681, 2, 3, 2, 28, NULL, 763.60, 277.93, 0.0102, 1554.68, 43332.72, 8.0, 6, 97.90),
(283, 2, 17, 4, 25, NULL, 762.13, 288.34, 0.0146, 1990.77, 45013.70, 6.0, 5, 97.71),
(714, 1, 16, 1, 17, NULL, 758.01, 287.45, 0.0305, 2761.63, 41713.18, 8.0, 0, 89.18),
(223, 2, 16, 2, NULL, NULL, 782.04, 283.71, 0.0380, 191.41, 55291.72, 8.0, 2, 100.26),
(723, 1, 8, 2, 80, NULL, 793.75, 299.30, 0.0342, 3427.58, 43455.99, 8.0, 3, 93.38),
(266, 3, 8, 3, 69, NULL, 481.53, 307.21, 0.0567, 133.38, 41241.83, 8.0, 5, 80.25),
(600, 2, 17, 3, NULL, NULL, 730.39, 280.64, 0.0151, 2905.35, 44843.62, 4.0, 8, 93.64),
(276, 1, 6, 7, 31, NULL, 776.82, 278.38, 0.0373, 493.65, 48340.60, 6.0, 2, 91.39),
(601, 1, 18, 3, NULL, NULL, 847.59, 286.35, 0.0176, 1666.86, 56020.48, 6.0, 2, 99.72),
(345, 2, 4, 3, NULL, NULL, 717.46, 291.38, 0.0213, 2833.23, 41723.21, 6.0, 0, 91.98),
(468, 2, 14, 4, 67, NULL, 711.10, 286.19, 0.0219, 2672.29, 46023.06, 8.0, 0, 91.17),
(520, 1, 14, 7, NULL, NULL, 792.28, 277.31, 0.0060, 3378.50, 48244.09, 4.0, 4, 93.21),
(537, 1, 18, 2, 19, NULL, 784.81, 308.55, 0.0158, 1389.00, 53316.46, 6.0, 5, 92.33),
(472, 1, 5, 2, NULL, NULL, 781.29, 282.71, 0.0078, 320.13, 42723.67, 6.0, 3, 91.92),
(251, 1, 17, 7, 1, NULL, 765.61, 296.18, 0.0188, 2910.56, 42249.84, 6.0, 7, 90.07),
(724, 1, 4, 3, 18, NULL, 832.32, 293.94, 0.0097, 2091.30, 53465.21, 6.0, 4, 97.92),
(547, 1, 16, 1, 32, NULL, 815.24, 288.86, 0.0169, 2261.29, 54464.76, 8.0, 6, 95.91),
(142, 2, 3, 3, 43, NULL, 695.82, 280.37, 0.0184, 1000.95, 41597.51, 8.0, 6, 89.21),
(397, 3, 16, 3, 37, NULL, 560.55, 301.28, 0.0409, 2822.77, 42933.71, 6.0, 0, 93.42),
(355, 3, 4, 9, NULL, NULL, 362.57, 306.17, 0.0524, 1704.06, 39599.76, 8.0, 3, 60.43),
(687, 2, 3, 7, 60, NULL, 761.65, 298.83, 0.0368, 2493.52, 48041.23, 6.0, 6, 97.65),
(548, 5, 4, 10, NULL, NULL, 47.46, 297.66, 0.0184, 1183.22, 51494.38, 8.0, 2, 94.92),
(528, 4, 16, 7, 5, NULL, 870.79, 294.70, 0.0178, 1492.83, 55783.32, 8.0, 5, 91.66),
(692, 1, 3, 7, 26, NULL, 787.44, 294.42, 0.0056, 2087.25, 44492.65, 8.0, 6, 92.64),
(366, 3, 17, 9, 35, NULL, 377.65, 298.31, 0.0622, 1212.13, 45823.00, 8.0, 3, 62.94),
(470, 3, 6, 9, 6, NULL, 428.58, 296.34, 0.0546, 1796.65, 48095.26, 6.0, 0, 71.43),
(743, 1, 8, 3, 57, NULL, 768.32, 287.74, 0.0310, 2778.79, 39585.67, 8.0, 6, 90.39),
(585, 1, 8, 2, NULL, NULL, 753.40, 275.21, 0.0251, 2615.31, 42304.19, 8.0, 6, 88.64),
(191, 1, 3, 3, NULL, NULL, 822.94, 286.84, 0.0057, 965.32, 46286.50, 8.0, 6, 96.82);


-- ================================================================
-- VISTAS SQL ÚTILES PARA CLASE
-- ================================================================

CREATE OR REPLACE VIEW v_resumen_reactores AS
SELECT
    r.nombre                              AS reactor,
    r.estado,
    r.tipo,
    r.capacidad_mw,
    COUNT(fo.id_operacion)                AS total_operaciones,
    ROUND(AVG(fo.energia_generada_mw),2)  AS energia_promedio_mw,
    ROUND(AVG(fo.eficiencia_pct),2)       AS eficiencia_promedio_pct,
    ROUND(MAX(fo.nivel_radiacion_msv),4)  AS max_radiacion_msv,
    ROUND(SUM(fo.costo_operacion),2)      AS costo_total_usd,
    SUM(fo.donuts_consumidos)             AS donuts_totales
FROM reactores r
LEFT JOIN fact_operacion fo ON r.id_reactor = fo.id_reactor
GROUP BY r.id_reactor, r.nombre, r.estado, r.tipo, r.capacidad_mw;

CREATE OR REPLACE VIEW v_dosimetria_empleados AS
SELECT
    e.nombre                              AS empleado,
    e.rol,
    e.departamento,
    YEAR(t.fecha)                         AS anio,
    COUNT(d.id_dosis)                     AS turnos_expuestos,
    ROUND(SUM(d.radiacion_msv),4)         AS radiacion_total_msv,
    ROUND(AVG(d.radiacion_msv),4)         AS radiacion_promedio_msv,
    ROUND(MAX(d.acumulado_anual),4)       AS max_acumulado_anual,
    SUM(d.alerta_limite)                  AS veces_sobre_limite,
    GROUP_CONCAT(DISTINCT d.equipo_proteccion) AS equipos_usados
FROM dosimetria d
JOIN empleados e ON d.id_empleado = e.id_empleado
JOIN turnos    t ON d.id_turno    = t.id_turno
GROUP BY e.id_empleado, e.nombre, e.rol, e.departamento, YEAR(t.fecha)
ORDER BY radiacion_total_msv DESC;

CREATE OR REPLACE VIEW v_empleados_sin_cert AS
SELECT
    e.nombre               AS empleado,
    e.rol,
    c.nombre               AS capacitacion_faltante,
    c.tipo
FROM empleados e
CROSS JOIN capacitaciones c
WHERE c.obligatoria = TRUE
  AND NOT EXISTS (
      SELECT 1 FROM empleado_capacitacion ec
      WHERE ec.id_empleado     = e.id_empleado
        AND ec.id_capacitacion = c.id_capacitacion
        AND ec.aprobado        = TRUE
  )
ORDER BY e.nombre, c.nombre;

CREATE OR REPLACE VIEW v_incidentes_detalle AS
SELECT
    i.id_incidente,
    i.fecha,
    i.tipo,
    i.severidad,
    CASE
        WHEN i.severidad <= 1 THEN 'Sub-normal / Anómalo'
        WHEN i.severidad <= 3 THEN 'Incidente'
        WHEN i.severidad <= 5 THEN 'Accidente'
        ELSE 'Accidente Mayor'
    END                        AS categoria_ines,
    r.nombre                   AS reactor,
    t.tipo_turno,
    t.fecha                    AS fecha_turno,
    i.requiere_evacuacion,
    i.costo_impacto,
    i.resuelto,
    COUNT(s.id_sancion)        AS sanciones_relacionadas,
    COALESCE(SUM(s.monto_usd),0) AS total_sanciones_usd
FROM incidentes i
JOIN reactores r ON i.id_reactor = r.id_reactor
JOIN turnos    t ON i.id_turno   = t.id_turno
LEFT JOIN sanciones s ON s.id_incidente = i.id_incidente
GROUP BY i.id_incidente, i.fecha, i.tipo, i.severidad,
         r.nombre, t.tipo_turno, t.fecha,
         i.requiere_evacuacion, i.costo_impacto, i.resuelto;

SET FOREIGN_KEY_CHECKS = 1;

-- ================================================================
-- FIN DEL SCRIPT
-- Cómo usar:
--   mysql -u root -p < springfield_nuclear_FULL.sql
-- O en MySQL Workbench: File > Open SQL Script > Ejecutar
-- ================================================================
